"","year_Birth","Income","kids","Recency","NumDealsPurchases","NumWebPurchases","NumCatalogPurchases","NumStorePurchases","NumWebVisitsMonth","AcceptedCmp1","Response"
"1",1970,84835,0,0,1,4,4,6,1,0,1
"2",1961,57091,0,0,1,7,3,7,5,1,1
"3",1958,67267,1,0,1,3,2,5,2,0,0
"4",1967,32474,2,0,1,1,0,2,7,0,0
"5",1989,21474,1,0,2,3,1,2,7,1,1
"6",1958,71691,0,0,1,4,7,5,2,0,1
"7",1954,63564,0,0,1,10,10,7,6,1,1
"8",1967,44931,1,0,1,2,1,3,5,0,0
"9",1954,65324,1,0,3,6,2,9,4,0,0
"10",1954,65324,1,0,3,6,2,9,4,0,0
"11",1947,81044,0,0,1,5,6,10,1,0,0
"12",1979,62499,1,0,2,3,1,6,4,0,0
"13",1959,67786,0,0,1,3,6,6,1,0,1
"14",1981,26872,0,0,1,1,1,2,6,0,0
"15",1969,4428,1,0,0,25,0,0,1,0,0
"16",1977,54809,2,0,4,2,1,5,4,0,0
"17",1977,54809,2,0,4,2,1,5,4,0,1
"18",1958,32173,1,0,1,1,0,3,4,0,0
"19",1960,47823,1,0,2,2,0,3,8,0,0
"20",1958,30523,3,0,1,1,0,2,7,0,0
"21",1954,36634,1,0,3,5,2,5,7,0,0
"22",1966,43456,1,0,3,5,1,8,5,0,0
"23",1979,40662,1,0,2,2,1,3,4,0,0
"24",1976,49544,1,0,2,5,1,8,7,0,0
"25",1969,57731,1,0,4,8,8,6,6,0,0
"26",1965,33168,1,0,3,2,1,4,7,0,0
"27",1956,54450,2,0,12,9,2,8,8,0,0
"28",1956,54450,2,0,12,9,2,8,8,0,0
"29",1956,35340,2,1,2,2,0,3,5,0,0
"30",1975,73170,0,1,1,5,4,6,2,0,0
"31",1971,65808,2,1,3,5,1,5,6,0,0
"32",1986,79529,0,1,1,4,8,9,2,0,0
"33",1972,34578,3,1,1,1,0,2,6,0,0
"34",1974,46374,1,1,3,7,1,7,8,2,1
"35",1990,18351,0,1,1,2,0,3,7,0,0
"36",1987,95169,0,1,1,4,3,4,1,2,1
"37",1984,65370,0,1,1,2,3,13,1,0,0
"38",1960,39228,0,1,1,0,0,3,4,0,0
"39",1961,84865,0,1,1,2,4,9,4,4,1
"40",1968,61314,1,1,2,5,5,12,3,0,0
"41",1972,21359,1,1,2,2,0,3,8,0,1
"42",1955,66465,1,1,3,11,9,12,6,1,0
"43",1983,81698,0,1,1,8,2,5,5,1,1
"44",1986,39146,1,1,3,4,0,4,8,0,0
"45",1970,25959,2,1,2,1,2,2,6,0,1
"46",1961,64260,0,1,1,4,5,4,3,0,1
"47",1973,32300,1,1,1,1,0,3,8,0,0
"48",1965,74806,1,1,2,5,4,5,4,0,0
"49",1970,72967,1,1,2,7,2,8,5,1,1
"50",1960,48904,1,1,4,7,2,4,8,0,0
"51",1984,14796,1,1,2,1,0,3,9,0,1
"52",1954,66991,0,1,3,4,8,6,3,0,0
"53",1978,52195,3,2,1,1,0,2,8,0,0
"54",1956,90369,0,2,1,4,6,6,1,0,1
"55",1974,18393,1,2,2,3,0,3,8,0,0
"56",1952,47139,2,2,2,2,1,2,7,0,1
"57",1973,38576,1,2,1,1,0,3,7,0,0
"58",1975,61905,1,2,2,4,2,4,5,0,0
"59",1962,83715,0,2,1,2,8,13,0,0,0
"60",1964,60597,1,2,4,2,2,8,7,1,1
"61",1982,6560,0,2,0,1,0,1,17,0,0
"62",1961,48330,1,2,1,1,0,3,5,0,0
"63",1968,38236,2,2,4,3,0,4,7,0,0
"64",1977,22701,1,2,1,1,0,3,5,0,0
"65",1974,53367,2,2,7,5,1,8,7,0,1
"66",1986,34728,1,2,1,1,1,2,6,0,1
"67",1956,63915,2,2,2,6,3,12,5,0,0
"68",1960,82504,0,2,1,3,6,7,1,0,0
"69",1972,38578,2,2,3,3,0,3,8,0,1
"70",1972,38578,2,2,3,3,0,3,8,0,0
"71",1975,79174,0,2,1,5,6,7,2,2,1
"72",1962,81975,1,2,1,6,3,4,7,1,0
"73",1977,43263,1,2,3,5,2,6,5,0,0
"74",1970,27242,1,2,2,2,0,3,9,0,1
"75",1971,76445,1,2,1,2,5,13,6,0,0
"76",1965,75276,0,2,1,9,4,9,5,0,0
"77",1963,34213,2,2,3,3,1,2,9,0,1
"78",1976,72335,0,2,1,10,4,8,8,0,1
"79",1964,79143,0,2,1,6,9,13,3,0,0
"80",1947,27469,0,2,1,0,0,3,6,0,0
"81",1969,68695,0,3,1,4,4,7,2,0,0
"82",1969,68695,0,3,1,4,4,7,2,0,0
"83",1957,50388,1,3,4,6,1,6,7,2,1
"84",1970,77622,2,3,2,6,3,11,3,0,0
"85",1962,46102,3,3,1,1,0,2,7,0,0
"86",1980,31859,1,3,1,1,0,3,7,0,0
"87",1987,23830,0,3,1,1,0,3,7,0,0
"88",1973,24639,2,3,3,2,0,4,6,0,0
"89",1945,71604,0,3,1,8,3,5,4,1,1
"90",1984,27255,1,3,1,1,0,3,7,0,0
"91",1977,55375,1,3,1,1,1,6,2,0,0
"92",1960,77037,1,3,1,7,7,12,3,0,0
"93",1970,24163,2,3,2,1,0,3,4,0,0
"94",1969,69476,0,3,1,4,6,4,2,0,0
"95",1979,72063,1,3,2,5,2,12,2,0,0
"96",1962,58646,1,3,1,2,1,4,4,0,0
"97",1962,58646,1,3,1,2,1,4,4,0,0
"98",1949,47570,2,3,3,2,2,2,7,0,1
"99",1980,80011,1,3,2,8,6,5,4,0,0
"100",1956,54998,1,3,5,4,2,9,4,0,1
"101",1948,60200,1,3,6,6,2,11,6,0,0
"102",1982,63211,0,3,2,3,8,7,2,0,1
"103",1973,48432,1,3,5,7,1,6,8,0,1
"104",1973,48432,1,3,5,7,1,6,8,0,0
"105",1973,48432,1,3,5,7,1,6,8,0,1
"106",1949,62845,2,3,11,3,4,10,8,1,0
"107",1949,62845,2,3,11,3,4,10,8,1,1
"108",1965,65220,0,3,4,8,4,7,6,0,1
"109",1990,74214,0,3,1,8,2,5,5,0,0
"110",1980,96547,0,4,0,7,6,8,2,3,1
"111",1955,53863,1,4,3,7,1,7,7,1,0
"112",1970,50447,2,4,1,3,1,3,6,0,0
"113",1953,37716,1,4,2,4,1,3,7,0,0
"114",1982,45203,2,4,1,3,1,3,6,0,1
"115",1975,37368,1,4,1,1,0,2,6,1,0
"116",1955,67225,1,4,3,7,2,11,5,0,0
"117",1976,65104,1,4,2,3,5,7,7,0,1
"118",1976,65104,1,4,2,3,5,7,7,0,0
"119",1949,81698,0,4,1,3,8,13,1,0,1
"120",1968,70566,1,4,2,6,5,9,3,0,0
"121",1958,69096,1,4,1,5,2,10,4,0,0
"122",1962,71434,1,4,3,7,4,7,4,2,0
"123",1978,33039,1,4,1,2,0,4,5,0,0
"124",1978,33039,1,4,1,2,0,4,5,0,0
"125",1958,46610,0,4,1,6,1,6,6,0,0
"126",1958,49967,1,4,3,6,1,5,7,0,0
"127",1976,53359,2,4,4,5,1,4,7,0,0
"128",1971,49505,2,4,9,10,2,8,8,0,0
"129",1946,68657,0,4,1,3,5,9,7,0,0
"130",1954,72071,1,4,3,5,4,8,2,0,0
"131",1954,72071,1,4,3,5,4,8,2,0,0
"132",1967,59235,1,4,3,11,2,12,7,0,0
"133",1957,21994,1,4,1,0,0,3,5,0,0
"134",1957,21994,1,4,1,0,0,3,5,0,0
"136",1972,69209,0,4,2,5,3,6,4,1,0
"137",1989,31928,1,5,2,3,0,4,7,0,0
"138",1987,74004,0,5,1,4,6,4,3,2,1
"139",1987,30390,0,5,1,2,0,3,6,0,0
"140",1985,21355,1,5,2,2,1,2,6,1,1
"141",1969,26304,1,5,1,1,0,2,7,0,0
"142",1989,85710,0,5,1,6,9,10,2,1,0
"143",1974,102692,0,5,1,6,9,13,2,4,1
"144",1971,58350,1,5,4,8,3,12,6,0,0
"145",1978,7500,2,5,4,2,1,3,6,0,0
"146",1984,18890,0,5,1,0,1,2,6,1,1
"147",1986,20425,1,5,2,2,0,3,7,0,0
"148",1986,20425,1,5,2,2,0,3,7,0,0
"149",1957,41437,2,5,1,1,0,3,7,0,0
"150",1949,49912,1,5,4,10,5,7,8,1,1
"151",1949,49912,1,5,4,10,5,7,8,1,1
"152",1959,79823,1,6,1,6,9,7,2,1,0
"153",1954,85683,0,6,1,2,4,10,1,4,1
"154",1965,47025,2,6,1,1,0,2,7,0,0
"155",1976,68397,1,6,1,6,9,5,3,0,0
"156",1984,38175,1,6,3,3,1,4,7,0,0
"157",1972,46423,2,6,3,2,0,4,7,0,0
"158",1972,46423,2,6,3,2,0,4,7,0,0
"159",1976,30560,1,6,1,1,0,3,7,0,0
"160",1976,30560,1,6,1,1,0,3,7,0,0
"161",1979,60152,1,6,1,6,4,12,3,0,0
"162",1965,29672,2,6,1,0,0,3,6,0,0
"163",1965,29672,2,6,1,0,0,3,6,0,0
"164",1947,70321,0,6,1,6,5,13,4,0,1
"165",1962,56181,1,6,1,4,2,7,4,0,0
"166",1990,24279,0,6,1,4,1,3,8,0,0
"167",1969,68462,0,6,1,3,3,8,1,0,0
"168",1976,55424,1,6,4,7,5,9,6,1,1
"169",1973,49094,1,6,5,6,3,6,6,0,0
"170",1961,59184,1,6,3,6,6,12,5,0,0
"171",1987,67430,0,6,1,11,5,12,6,0,0
"172",1960,30522,1,6,5,1,2,9,2,0,0
"173",1977,31878,1,7,1,1,0,4,3,0,0
"174",1992,83528,0,7,1,4,10,8,1,2,1
"175",1979,90300,0,7,0,5,6,8,1,1,0
"176",1978,68092,0,7,2,2,6,10,5,0,0
"177",1972,53761,2,7,6,4,4,3,5,0,0
"178",1973,52845,1,7,3,8,8,6,6,1,0
"179",1976,24027,1,7,2,2,0,3,8,0,0
"180",1979,7500,1,7,4,3,2,2,7,0,0
"181",1955,42586,2,7,5,4,1,6,8,0,1
"182",1955,42586,2,7,5,4,1,6,8,0,1
"183",1973,9722,1,7,4,3,1,3,8,0,1
"184",1975,86836,0,7,1,6,10,6,5,3,1
"185",1972,30467,1,8,1,1,0,2,7,0,0
"186",1952,54549,1,8,2,5,1,4,7,0,0
"187",1982,19444,1,8,3,4,1,2,7,0,1
"188",1956,69245,1,8,2,6,5,10,3,0,0
"189",1963,72968,0,8,1,5,5,8,3,1,1
"190",1953,48686,3,8,1,1,0,2,8,0,0
"191",1990,73687,0,8,1,3,9,9,2,1,1
"192",1944,82716,0,8,1,6,8,13,2,0,0
"193",1981,35523,1,8,2,3,0,3,7,0,0
"194",1975,60554,1,8,2,8,4,9,6,0,0
"195",1956,64090,1,8,1,6,9,4,5,0,1
"196",1965,61559,1,8,1,4,2,10,3,0,0
"197",1962,71670,0,8,1,5,3,6,6,3,1
"198",1951,67680,1,8,1,7,3,8,5,0,0
"199",1981,54386,1,8,2,3,2,10,3,0,0
"200",1953,64108,1,8,4,6,9,11,5,0,0
"201",1951,69702,1,8,2,7,7,10,4,0,0
"202",1952,47958,1,8,2,6,3,5,5,0,0
"203",1960,67716,1,8,4,7,4,13,5,1,0
"204",1971,34600,2,8,5,5,2,5,8,0,1
"205",1971,34600,2,8,5,5,2,5,8,0,1
"206",1969,48752,2,8,5,6,1,5,9,0,1
"207",1988,15716,1,8,3,3,0,4,8,0,0
"208",1952,46610,2,8,6,4,1,6,6,0,1
"209",1977,74985,0,8,1,3,6,7,2,0,0
"210",1945,45576,0,9,1,3,1,3,8,0,1
"211",1945,113734,0,9,0,27,0,0,1,0,0
"212",1987,57100,1,9,2,3,2,7,3,0,0
"213",1972,24434,2,9,2,2,1,2,7,0,0
"214",1971,37126,1,9,1,1,2,2,6,1,1
"215",1958,45160,2,9,1,1,0,2,7,0,0
"216",1977,33178,1,9,1,1,0,3,4,0,0
"217",1950,64866,1,9,4,7,3,7,5,1,0
"218",1975,34176,1,9,1,1,0,3,3,0,0
"219",1968,50014,1,9,2,4,1,8,5,0,0
"220",1948,92344,0,9,0,5,10,5,1,2,0
"221",1970,55282,1,9,1,3,1,6,4,0,0
"222",1963,48799,1,9,3,3,2,7,3,0,0
"223",1982,84169,0,9,1,7,6,6,3,2,1
"224",1982,84169,0,9,1,7,6,6,3,2,1
"225",1971,39763,1,9,2,5,1,2,9,0,1
"226",1975,74165,0,9,1,5,4,10,2,0,0
"227",1965,42720,2,9,8,7,3,7,8,0,1
"228",1944,65275,0,9,1,4,3,13,2,0,0
"229",1961,36443,2,9,4,3,1,3,8,0,0
"230",1952,43776,2,9,6,5,2,4,8,0,1
"231",1965,56046,0,9,2,10,1,8,8,1,1
"232",1958,65148,1,9,2,6,6,7,4,0,0
"233",1955,49431,1,9,2,7,1,5,8,0,0
"234",1961,32583,2,10,1,1,0,2,7,0,0
"235",1979,16653,1,10,3,2,1,3,6,0,1
"236",1971,26850,2,10,4,2,1,4,4,0,0
"237",1968,51287,2,10,3,4,1,3,7,0,0
"238",1973,43050,1,10,2,2,0,4,5,0,0
"239",1969,73448,0,10,1,7,2,9,4,0,0
"240",1992,17256,1,10,2,2,1,2,8,1,0
"241",1961,86429,0,10,0,7,4,7,2,1,1
"242",1983,33569,1,10,1,1,1,2,8,1,1
"243",1980,25130,1,10,2,2,0,3,7,0,0
"244",1952,62998,1,10,5,5,4,5,5,0,0
"245",1976,26907,2,10,2,1,0,3,7,0,0
"246",1976,26907,2,10,2,1,0,3,7,0,0
"247",1948,45579,1,10,1,4,1,4,6,0,0
"248",1957,47320,1,10,6,5,1,8,6,0,0
"249",1976,70179,1,10,3,7,3,13,5,0,0
"250",1976,70179,1,10,3,7,3,13,5,0,0
"251",1986,28072,1,10,1,1,0,3,7,0,0
"252",1954,50501,2,10,7,5,4,4,6,1,1
"253",1969,58917,3,10,5,4,1,6,5,0,0
"254",1949,69372,0,10,1,10,4,6,4,2,1
"255",1971,35178,1,10,1,1,1,2,7,1,1
"256",1971,35178,1,10,1,1,1,2,7,1,1
"257",1968,75693,0,10,1,11,4,6,4,3,1
"258",1982,69109,0,10,1,6,6,7,4,1,1
"259",1982,69109,0,10,1,6,6,7,4,1,1
"260",1994,80134,0,11,1,2,7,11,5,4,0
"261",1970,64713,1,11,2,5,5,7,4,0,1
"262",1986,41411,0,11,1,2,1,4,6,0,0
"264",1955,55521,3,11,9,6,3,6,7,1,1
"265",1968,43795,1,11,3,7,3,4,7,1,1
"266",1970,22070,1,11,2,2,2,2,6,0,0
"267",1949,36408,2,11,1,1,0,2,6,0,0
"268",1950,34026,2,11,3,2,1,3,5,0,0
"269",1950,34026,2,11,3,2,1,3,5,0,0
"270",1976,46049,2,11,10,5,2,9,7,0,1
"271",1972,35641,1,11,2,3,1,4,7,0,1
"272",1984,32414,0,11,1,1,0,3,7,1,0
"273",1955,59821,1,11,6,11,2,7,8,0,0
"274",1980,34968,1,11,7,3,2,5,7,0,0
"275",1967,56320,1,11,3,5,4,9,4,0,0
"276",1969,70091,1,11,2,5,2,10,8,1,0
"277",1956,46097,1,11,5,3,1,6,4,0,0
"278",1963,41003,0,11,1,6,2,8,6,0,0
"279",1959,44911,1,11,3,4,1,4,7,0,0
"280",1975,33249,1,11,2,2,1,3,6,0,0
"281",1975,33249,1,11,2,2,1,3,6,0,0
"282",1950,42873,2,11,4,6,1,4,8,0,0
"283",1969,51039,2,11,2,6,2,4,7,0,0
"284",1958,78952,1,11,2,2,5,12,6,0,0
"285",1966,29435,2,11,4,3,2,2,9,0,1
"286",1954,79865,1,12,1,5,10,5,1,0,0
"287",1988,34176,1,12,4,3,0,4,6,0,0
"288",1988,34176,1,12,4,3,0,4,6,0,0
"289",1970,65968,1,12,2,5,4,7,3,0,0
"290",1956,86424,0,12,1,6,9,12,1,0,0
"291",1966,67272,1,12,3,6,2,12,5,0,0
"292",1957,78499,0,12,1,11,3,4,4,1,1
"293",1972,77044,1,12,2,7,11,11,4,1,0
"294",1993,70515,0,12,1,6,6,4,2,0,1
"295",1975,17459,1,12,3,3,1,2,7,0,1
"296",1970,80336,0,12,1,2,9,13,1,0,0
"297",1956,15759,0,12,1,1,0,2,7,0,0
"298",1976,26326,0,12,1,0,0,3,3,0,0
"299",1976,62061,1,12,3,10,4,7,6,1,0
"300",1976,5305,1,12,0,1,0,0,13,0,0
"301",1982,75777,0,12,1,3,6,11,1,2,1
"302",1982,75777,0,12,1,3,6,11,1,2,1
"303",1971,71499,1,12,2,8,3,13,4,0,0
"304",1978,31626,1,12,1,2,1,2,7,1,1
"305",1992,42670,0,12,1,4,2,4,4,0,0
"306",1973,83917,0,12,1,6,7,7,3,0,1
"307",1969,41021,1,12,2,2,0,3,6,0,1
"308",1956,79456,0,12,1,5,6,4,3,0,1
"309",1980,78789,0,12,1,4,6,5,2,0,1
"310",1952,50870,1,13,1,2,0,3,5,0,0
"311",1983,35876,0,13,1,3,1,3,6,0,0
"312",1957,23539,0,13,1,2,0,4,6,0,0
"313",1967,32557,1,13,3,2,1,3,5,0,1
"314",1970,62466,1,13,5,6,3,12,4,0,0
"315",1970,62466,1,13,5,6,3,12,4,0,0
"316",1966,54198,2,13,6,3,1,6,4,0,0
"317",1978,82170,0,13,1,5,6,7,2,0,0
"318",1964,61798,0,13,1,4,2,9,4,0,0
"319",1992,15253,1,13,2,1,0,3,7,0,0
"320",1988,78285,0,13,1,6,4,10,3,0,0
"321",1955,62535,1,13,1,3,2,8,3,0,0
"322",1973,27190,1,13,1,1,0,2,8,1,1
"323",1968,48985,1,13,1,1,1,3,3,0,0
"324",1970,72940,0,13,1,3,3,6,1,0,0
"325",1985,36145,1,13,4,4,1,3,9,1,1
"326",1977,157146,0,13,0,0,28,0,1,0,0
"327",1960,81843,0,13,1,5,9,12,3,0,0
"328",1988,41883,1,13,3,4,2,3,7,0,0
"329",1964,45759,2,13,2,2,0,3,7,0,0
"330",1964,45759,2,13,2,2,0,3,7,0,0
"331",1986,78394,0,13,1,4,6,5,2,0,1
"332",1989,30279,1,13,1,1,0,3,8,0,0
"333",1989,30279,1,13,1,1,0,3,8,0,0
"334",1970,31880,1,13,1,1,0,2,8,0,0
"335",1973,60208,2,13,11,8,3,7,7,1,1
"336",1983,78687,0,13,1,4,6,8,2,1,1
"337",1973,37401,1,14,2,2,0,3,7,0,0
"338",1973,37401,1,14,2,2,0,3,7,0,0
"339",1954,75315,1,14,2,5,4,12,2,0,0
"340",1965,69263,1,14,1,9,1,7,6,1,0
"341",1946,78569,0,14,1,4,6,4,1,1,1
"342",1966,57705,1,14,3,8,1,6,6,0,0
"343",1955,74805,1,14,5,4,7,10,2,0,0
"344",1961,66426,1,14,2,3,5,10,6,0,0
"345",1949,51529,1,14,2,9,1,5,8,0,0
"346",1946,18100,0,14,1,0,0,3,5,0,0
"347",1977,59601,1,14,4,2,2,7,8,1,0
"348",1977,20981,0,14,1,3,1,2,8,0,1
"349",1976,74068,0,14,1,4,10,9,2,0,0
"350",1983,36790,0,14,1,2,1,2,9,0,1
"351",1971,18793,1,14,3,2,0,4,8,0,0
"352",1954,27421,0,14,3,4,1,6,7,0,0
"353",1972,30675,1,14,1,1,0,3,8,0,0
"354",1974,83145,0,14,1,5,9,11,2,1,1
"355",1968,34053,1,14,1,3,0,3,8,0,0
"356",1983,31788,1,15,3,3,0,4,5,0,0
"357",1974,45894,2,15,1,1,0,3,5,0,0
"358",1978,41986,1,15,3,3,0,4,4,0,0
"359",1962,42769,1,15,2,1,1,4,4,0,0
"360",1982,58582,1,15,2,9,2,9,5,1,0
"361",1964,49096,2,15,4,4,1,4,7,0,0
"362",1980,76412,0,15,1,5,4,8,3,2,1
"363",1990,18929,0,15,1,1,0,4,6,0,0
"364",1990,18929,0,15,1,1,0,4,6,0,0
"365",1990,18929,0,15,1,1,0,4,6,0,0
"366",1986,21888,1,15,4,5,1,2,10,0,1
"367",1978,41580,2,15,3,2,1,3,5,0,0
"368",1979,31605,1,15,2,2,1,4,7,0,0
"369",1974,25509,1,15,3,3,0,3,9,0,1
"370",1974,25509,1,15,3,3,0,3,9,0,1
"371",1959,33051,0,15,3,9,1,8,9,0,1
"372",1966,28764,2,16,1,1,0,2,8,1,0
"373",1983,32146,1,16,2,2,0,4,6,0,0
"374",1983,22148,0,16,1,1,0,3,7,0,0
"375",1979,36781,1,16,1,2,1,2,8,0,1
"376",1960,54197,1,16,2,1,3,6,1,0,0
"377",1970,93790,0,16,0,6,7,12,2,3,1
"378",1972,24762,1,16,3,3,1,2,8,1,1
"379",1984,30477,1,16,1,1,1,3,6,0,0
"380",1975,11448,0,16,1,1,0,2,6,0,0
"381",1967,70844,2,16,5,6,1,5,7,0,0
"382",1980,30828,1,16,2,1,1,4,3,0,0
"383",1967,62513,1,16,2,6,4,10,6,0,0
"384",1981,27733,1,16,2,2,0,3,7,0,0
"385",1973,39435,1,16,1,3,1,2,7,0,0
"386",1970,75345,0,16,1,5,8,6,3,1,1
"387",1986,20491,0,16,1,0,1,2,7,0,0
"388",1971,36715,1,16,6,7,2,4,9,0,1
"389",1959,71706,1,16,4,9,5,7,5,0,0
"390",1966,69063,1,16,1,5,3,5,3,0,0
"391",1988,24645,1,16,1,1,0,2,8,0,0
"392",1975,35797,1,16,2,2,0,3,8,0,0
"393",1969,44078,2,17,2,2,0,3,5,0,0
"394",1971,26954,1,17,1,1,0,2,7,0,0
"396",1972,38887,1,17,1,1,0,3,7,0,0
"397",1974,65463,1,17,2,6,2,9,5,1,0
"398",1959,53537,2,17,2,2,1,3,5,0,0
"399",1971,36230,1,17,1,2,0,4,5,0,0
"400",1950,80763,0,17,1,5,11,6,3,2,1
"401",1971,60585,2,17,10,7,4,9,5,0,1
"402",1974,49166,1,17,2,5,3,3,6,0,0
"403",1955,75261,0,17,1,5,6,5,2,2,1
"404",1991,89891,0,17,1,11,6,8,4,1,0
"405",1962,72828,1,17,6,6,3,13,7,0,0
"406",1952,75278,0,17,1,6,3,13,3,0,0
"407",1978,38557,1,17,2,3,1,3,7,0,0
"408",1963,81300,1,17,3,10,3,5,5,1,1
"409",1965,60161,1,17,3,11,4,8,8,0,0
"410",1977,69389,1,17,1,7,2,12,4,0,0
"411",1954,64497,1,17,5,11,4,9,8,1,1
"412",1980,61014,1,17,4,9,3,4,7,0,0
"413",1975,44319,2,18,2,2,0,3,5,0,0
"414",1957,53233,1,18,1,1,0,3,4,0,0
"415",1954,77972,0,18,1,4,6,9,1,0,0
"416",1987,81361,0,18,1,3,10,13,1,0,0
"417",1987,81361,0,18,1,3,10,13,1,0,1
"418",1984,25707,1,18,1,1,0,3,7,0,0
"419",1971,42403,1,18,1,1,0,3,8,0,0
"420",1972,65704,0,18,1,2,10,10,1,0,0
"421",1980,37406,1,18,1,1,0,2,8,0,1
"422",1951,39767,0,18,2,7,1,7,8,0,0
"423",1979,54210,1,18,2,4,1,7,5,0,0
"424",1967,57136,0,18,1,7,5,7,6,0,1
"425",1975,40794,1,18,2,6,3,5,7,0,0
"426",1965,83003,0,18,1,7,6,8,3,1,1
"427",1960,89058,0,18,1,5,4,4,2,0,0
"428",1991,20193,0,18,1,1,1,4,4,0,0
"429",1974,72099,0,18,1,3,4,10,1,0,0
"430",1971,43824,2,18,4,3,1,4,8,0,0
"431",1975,66653,2,18,4,4,2,12,3,0,0
"432",1978,44359,2,19,3,2,0,4,3,0,0
"433",1961,79410,0,19,1,3,2,5,1,0,0
"434",1977,55842,1,19,1,7,1,8,5,0,0
"435",1966,79946,0,19,1,5,11,5,3,0,0
"436",1979,88194,1,19,1,11,10,10,5,2,1
"437",1944,80184,0,19,1,6,3,10,3,2,0
"438",1967,76982,0,19,1,8,3,4,4,1,1
"439",1980,65295,0,19,1,3,3,13,2,0,0
"440",1973,57100,0,19,1,3,3,6,3,0,0
"441",1981,29009,1,19,2,2,0,3,6,0,0
"442",1971,78931,0,19,1,2,8,13,1,0,0
"443",1975,7500,1,19,3,2,0,3,5,0,0
"444",1976,56939,1,19,2,3,3,10,3,0,0
"445",1990,64509,0,19,1,6,3,9,4,1,1
"446",1990,30093,0,19,1,2,0,3,7,0,0
"447",1974,30351,1,19,1,3,0,2,9,0,1
"448",1974,30351,1,19,1,3,0,2,9,0,0
"449",1960,38201,1,19,4,5,1,5,8,0,0
"451",1980,43974,1,19,5,6,4,6,7,0,0
"452",1970,38200,2,19,1,1,0,2,7,0,0
"453",1960,87305,0,19,1,5,3,8,2,1,1
"454",1961,16860,2,19,3,1,1,3,7,0,0
"455",1972,27213,1,19,3,2,0,4,8,0,1
"456",1976,7500,1,19,5,4,1,2,9,1,1
"457",1965,4861,0,20,0,0,0,0,14,0,0
"458",1971,38196,2,20,3,2,0,4,5,0,0
"459",1950,41145,2,20,1,0,0,3,3,0,0
"460",1982,38513,1,20,5,6,1,5,8,0,1
"461",1968,45688,1,20,2,3,1,8,4,1,0
"462",1958,77863,0,20,1,4,5,10,2,0,0
"463",1969,42169,2,20,2,1,0,3,8,0,0
"464",1964,45906,1,20,2,5,4,4,5,1,0
"465",1988,35388,1,20,1,1,0,3,7,0,0
"466",1969,80952,0,20,1,8,5,11,8,3,1
"467",1954,39898,1,20,2,3,0,4,7,0,0
"468",1954,39898,1,20,2,3,0,4,7,0,0
"469",1973,44051,2,20,4,3,1,4,6,0,1
"470",1954,86718,0,20,1,5,6,5,2,0,0
"471",1986,80141,0,20,1,7,4,10,6,1,1
"472",1976,58597,2,20,12,7,4,9,7,0,0
"473",1945,70356,0,20,2,10,6,9,6,0,0
"474",1967,46904,2,20,4,5,1,4,8,0,0
"475",1946,37760,0,20,2,4,1,6,7,0,0
"476",1946,37760,0,20,2,4,1,6,7,0,0
"477",1964,61839,0,20,1,4,8,4,8,0,0
"478",1972,29791,1,21,2,2,0,3,5,0,0
"479",1963,48918,2,21,2,1,0,4,4,0,0
"480",1963,48918,2,21,2,1,0,4,4,0,0
"481",1965,58692,1,21,1,8,2,4,7,0,0
"482",1976,39356,2,21,1,1,0,2,6,1,0
"483",1972,76234,1,21,1,8,3,11,3,1,0
"484",1984,55434,1,21,3,5,3,13,4,0,0
"485",1946,66835,0,21,1,6,4,13,2,0,0
"486",1946,66835,0,21,1,6,4,13,2,0,0
"487",1951,71965,1,21,3,6,3,5,3,0,0
"488",1971,74538,0,21,1,8,8,5,3,1,1
"489",1954,50002,1,21,2,8,2,7,7,0,0
"490",1958,53977,1,21,5,5,5,12,5,0,0
"491",1958,53977,1,21,5,5,5,12,5,0,0
"492",1971,69930,0,21,1,4,5,12,3,0,0
"493",1967,62981,0,21,1,4,5,13,3,1,0
"494",1974,46014,2,21,10,7,1,8,7,0,0
"495",1987,18227,1,21,1,0,1,2,8,0,0
"496",1976,65991,1,21,3,9,5,10,7,0,0
"497",1972,38808,1,21,4,5,1,4,8,1,1
"498",1982,160803,0,21,15,0,28,1,0,0,0
"499",1978,43783,1,22,6,7,1,8,7,1,0
"500",1969,30396,1,22,2,1,1,2,7,1,1
"501",1964,65526,1,22,1,4,4,8,2,0,0
"502",1964,65526,1,22,1,4,4,8,2,0,0
"503",1944,55956,0,22,2,7,3,4,4,1,0
"504",1978,55563,1,22,1,2,0,3,3,0,0
"505",1965,57236,2,22,3,2,1,4,3,0,0
"506",1973,89694,2,22,3,4,3,4,5,3,0
"507",1971,57420,1,22,3,5,1,6,7,1,0
"508",1972,33622,2,22,3,2,0,4,7,0,0
"509",1986,29999,1,22,4,3,1,4,8,0,0
"510",1962,31497,1,22,2,3,1,4,8,0,0
"511",1962,31497,1,22,2,3,1,4,8,0,0
"512",1980,36802,1,23,1,1,0,3,5,0,0
"513",1968,61671,1,23,8,10,4,6,8,2,0
"514",1893,60182,1,23,1,1,0,2,4,0,0
"515",1971,29732,1,23,1,2,0,2,9,0,0
"516",1986,45921,0,23,1,2,1,6,4,0,0
"517",1984,16529,1,23,1,1,0,3,6,0,0
"518",1960,98777,0,23,0,4,6,9,1,1,0
"519",1960,98777,0,23,0,4,6,9,1,1,0
"520",1952,77027,1,23,2,8,3,6,4,0,0
"521",1965,69139,1,23,1,4,1,5,4,0,0
"522",1965,69139,1,23,1,4,1,5,4,0,0
"523",1982,65169,0,23,1,10,4,13,6,4,1
"524",1952,40049,1,23,1,1,0,3,6,0,0
"525",1945,69755,0,23,1,3,6,12,1,0,0
"527",1961,54456,1,23,3,6,1,7,6,0,0
"528",1977,666666,1,23,4,3,1,3,6,0,0
"529",1951,60689,1,23,4,4,4,10,3,0,0
"530",1978,26487,1,23,3,2,1,3,5,0,0
"531",1970,28164,1,23,3,2,0,4,7,0,0
"532",1970,22585,0,23,1,1,1,2,9,1,1
"533",1971,64795,1,23,3,3,3,12,2,0,0
"534",1987,42000,0,23,2,5,2,11,5,0,1
"535",1987,42000,0,23,2,5,2,11,5,0,1
"536",1966,70713,1,23,6,5,6,8,3,0,0
"537",1946,82800,0,23,1,7,6,12,3,2,1
"538",1946,82800,0,23,1,7,6,12,3,2,1
"539",1975,30801,1,23,2,1,0,3,7,0,0
"540",1974,83891,1,24,1,4,7,10,1,0,0
"541",1950,38054,2,24,2,2,0,3,7,0,0
"542",1969,14045,1,24,1,1,0,3,7,0,0
"543",1957,44155,2,24,1,1,1,2,4,0,0
"544",1970,57642,1,24,3,7,6,6,4,1,0
"545",1977,31353,2,24,2,1,1,2,8,0,0
"546",1977,31353,2,24,2,1,1,2,8,0,1
"547",1968,41335,1,24,3,4,1,4,7,0,0
"548",1968,41335,1,24,3,4,1,4,7,0,0
"549",1957,40737,3,24,1,1,0,2,8,0,0
"550",1975,19789,1,24,3,2,1,3,5,1,0
"551",1949,35946,2,24,1,0,0,3,5,0,0
"552",1983,36262,0,24,1,3,5,3,6,1,1
"553",1954,44551,1,24,2,4,1,5,7,0,0
"554",1959,71367,0,24,1,4,5,7,2,0,0
"555",1959,71367,0,24,1,4,5,7,2,0,0
"556",1959,57957,1,24,7,4,6,8,3,0,0
"557",1972,50334,1,24,6,7,4,6,6,0,0
"558",1949,48150,1,24,3,5,1,4,7,0,0
"559",1969,56796,1,24,3,8,9,7,7,0,0
"560",1969,56796,1,24,3,8,9,7,7,0,0
"561",1963,52278,1,24,6,10,5,10,8,0,1
"562",1963,52278,1,24,6,10,5,10,8,0,0
"563",1996,7500,0,24,3,3,1,3,9,0,1
"564",1952,33444,2,24,1,1,0,2,8,0,0
"565",1973,20895,1,24,1,2,0,3,9,0,0
"566",1976,37509,1,24,2,3,0,4,7,0,0
"567",1978,88097,1,24,1,6,5,8,9,3,1
"568",1973,59041,2,25,2,2,0,4,5,0,0
"569",1974,43322,0,25,1,3,0,4,7,0,0
"570",1955,46015,2,25,1,1,0,3,7,2,0
"571",1955,46015,2,25,1,1,0,3,7,2,0
"572",1959,34242,1,25,1,0,0,3,5,0,0
"573",1955,65210,1,25,2,9,3,8,6,2,0
"574",1958,50520,1,25,2,3,1,3,6,0,0
"575",1970,90765,0,25,0,4,6,5,1,2,0
"576",1944,80589,0,25,1,5,10,5,1,1,1
"577",1958,49572,2,25,2,2,0,3,7,0,0
"578",1978,75437,0,25,1,8,4,10,6,1,0
"579",1971,44635,2,25,2,2,0,3,7,0,0
"580",1964,58512,1,25,5,3,4,8,8,0,0
"581",1952,62000,1,25,1,6,6,13,4,1,0
"582",1956,54252,2,25,5,4,1,5,6,0,0
"583",1974,45068,1,25,1,1,0,2,7,0,0
"584",1979,60474,1,25,7,10,2,12,7,0,0
"585",1979,60474,1,25,7,10,2,12,7,0,0
"586",1981,56337,2,25,5,8,5,4,8,2,1
"587",1987,22434,1,25,2,2,0,3,8,0,0
"588",1982,61416,0,25,1,10,3,10,6,1,0
"589",1975,92163,0,25,0,5,11,5,2,2,1
"590",1956,58656,1,25,4,7,8,13,6,1,0
"592",1986,8940,1,25,3,3,1,3,8,0,0
"593",1974,26751,2,26,1,1,0,2,8,0,0
"594",1978,71427,2,26,2,8,2,8,4,0,0
"595",1984,26646,1,26,2,2,0,4,6,0,0
"596",1974,19346,1,26,1,1,0,3,8,0,0
"597",1975,56243,3,26,6,4,2,8,5,0,0
"598",1970,59892,1,26,1,2,1,3,3,0,0
"599",1965,71613,0,26,1,8,2,10,4,0,0
"600",1986,25252,1,26,1,1,0,2,8,0,0
"601",1975,42160,2,26,4,2,1,4,6,0,1
"602",1979,15862,1,26,1,1,0,3,8,0,0
"603",1974,82584,0,26,1,3,4,8,1,2,1
"604",1989,38360,1,26,2,2,1,4,3,0,0
"605",1957,75283,3,26,11,6,3,5,4,0,0
"606",1956,34941,2,26,2,3,0,3,8,0,0
"607",1952,61823,1,26,4,8,2,10,7,0,0
"608",1956,90226,0,26,1,4,7,12,2,1,0
"609",1974,44989,1,26,5,5,1,5,6,0,0
"610",1974,44989,1,26,5,5,1,5,6,0,0
"611",1980,43586,1,26,3,3,0,4,8,0,0
"612",1974,32233,1,26,2,6,2,2,9,1,1
"613",1969,62882,1,26,2,7,5,6,4,0,0
"614",1963,57288,1,27,3,8,1,8,6,1,0
"615",1981,75774,1,27,1,7,5,8,4,0,0
"616",1981,75774,1,27,1,7,5,8,4,0,0
"617",1988,90247,0,27,1,3,4,7,1,3,1
"618",1960,32218,0,27,1,2,1,3,7,1,1
"619",1988,84219,0,27,1,3,4,10,1,0,0
"620",1988,84219,0,27,1,3,4,10,1,0,0
"621",1966,48877,1,27,1,3,0,4,7,0,0
"622",1950,60905,1,27,2,3,3,7,2,0,0
"623",1964,75236,1,27,1,8,3,13,4,0,0
"624",1953,62551,0,27,1,6,7,4,3,1,0
"625",1983,70123,0,27,1,5,7,4,3,2,0
"626",1962,50785,2,27,2,2,1,3,6,0,0
"627",1970,15315,0,27,2,2,0,4,5,0,0
"628",1970,15315,0,27,2,2,0,4,5,0,0
"629",1970,64413,1,27,1,5,1,5,5,0,0
"630",1981,87171,0,27,1,6,7,11,2,2,0
"631",1961,30081,1,27,1,1,0,3,7,0,0
"632",1976,20180,0,27,1,2,1,4,7,0,0
"633",1976,20180,0,27,1,2,1,4,7,0,0
"634",1966,55686,1,27,2,6,3,5,4,1,0
"635",1959,26887,1,27,1,1,0,3,6,0,0
"636",1977,61996,1,27,3,6,4,8,5,3,1
"637",1952,51537,1,27,3,2,2,11,8,0,0
"638",1962,72025,0,27,1,4,3,8,3,0,0
"639",1971,30538,1,27,4,9,0,4,10,0,0
"640",1991,61618,0,27,2,3,6,8,3,0,0
"641",1965,77343,0,28,1,3,4,9,1,0,0
"642",1989,75433,1,28,2,2,5,10,6,2,0
"643",1962,82571,0,28,0,6,5,13,2,1,0
"644",1954,60033,1,28,2,2,1,5,2,0,0
"645",1983,39062,1,28,1,1,0,3,4,1,0
"646",1972,30023,1,28,1,2,0,3,8,0,0
"647",1970,30015,1,28,2,1,0,4,5,0,0
"648",1980,33228,1,28,1,2,0,3,7,0,0
"649",1967,22574,3,28,2,2,0,3,7,0,0
"650",1967,22574,3,28,2,2,0,3,7,0,0
"651",1957,55267,1,28,4,3,4,6,3,0,0
"652",1958,66886,1,28,2,7,1,7,5,0,0
"653",1971,72258,1,28,2,6,9,5,2,0,0
"654",1984,82733,0,28,1,8,4,7,4,0,1
"655",1963,45146,2,28,2,1,1,2,4,0,0
"656",1990,51250,1,28,5,10,5,4,9,1,0
"657",1951,32871,2,28,1,1,0,3,4,0,0
"658",1978,63855,0,28,1,7,3,13,4,0,0
"659",1968,42564,1,28,6,6,8,4,7,1,1
"660",1972,46344,1,28,4,7,1,5,7,0,0
"661",1963,50437,2,28,3,7,1,8,7,0,0
"662",1960,70971,1,28,7,11,11,5,7,0,1
"663",1977,37774,2,28,4,7,2,3,9,1,1
"664",1963,4023,2,29,15,0,0,0,19,0,0
"665",1966,33279,0,29,1,0,0,3,3,0,0
"666",1978,42693,1,29,1,1,0,3,5,0,0
"667",1952,70545,1,29,1,4,1,7,2,0,0
"668",1957,65486,1,29,1,4,2,10,2,0,0
"669",1981,77882,0,29,1,3,3,5,1,0,0
"670",1960,78468,0,29,1,10,7,10,4,1,0
"671",1963,77226,1,29,2,6,8,12,3,0,0
"672",1991,90638,0,29,1,3,4,10,1,1,0
"673",1991,90638,0,29,1,3,4,10,1,1,1
"674",1948,70666,0,29,1,7,4,4,4,0,0
"675",1959,59052,1,29,3,7,1,7,5,0,0
"676",1952,13084,0,29,1,1,0,3,6,0,0
"677",1949,49160,1,29,2,3,1,6,6,0,0
"678",1953,23272,0,29,1,1,0,3,4,0,0
"679",1963,49476,1,29,4,2,11,5,2,0,0
"680",1965,62694,2,29,5,9,3,7,7,0,0
"681",1973,57906,1,29,3,4,2,8,4,0,0
"682",1982,71853,0,29,1,2,8,6,1,0,0
"683",1982,71853,0,29,1,2,8,6,1,0,0
"684",1959,65031,1,29,4,10,3,13,7,0,0
"685",1960,30507,0,29,1,5,1,4,7,0,0
"686",1970,67419,1,29,4,9,4,8,5,0,0
"687",1950,59462,1,29,2,9,2,12,7,0,0
"688",1994,95529,0,29,1,7,3,7,3,1,1
"689",1953,53653,0,29,2,10,4,12,6,0,0
"690",1980,25965,0,29,1,2,0,3,8,0,0
"691",1970,22979,1,29,3,3,2,2,8,0,1
"692",1951,64950,1,29,2,11,2,10,7,1,0
"693",1985,44322,1,30,2,3,0,3,8,0,0
"694",1983,30096,1,30,1,2,0,3,6,0,0
"695",1983,30096,1,30,1,2,0,3,6,0,0
"696",1977,56628,1,30,2,7,6,5,5,1,0
"697",1977,82326,0,30,1,5,10,6,2,3,1
"698",1995,71163,0,30,1,3,8,12,1,0,0
"699",1978,71022,1,30,3,5,2,11,8,1,0
"700",1954,42607,1,30,2,3,2,7,3,0,0
"701",1975,43057,1,30,4,4,2,5,5,0,0
"702",1975,47808,1,30,2,3,2,3,7,1,0
"703",1987,29236,1,30,2,4,0,3,9,0,0
"704",1969,40590,2,30,5,3,4,3,6,1,0
"705",1969,40590,2,30,5,3,4,3,6,1,0
"706",1959,77520,1,30,1,8,7,7,4,3,1
"707",1981,40211,2,30,2,2,1,2,8,1,0
"708",1973,63516,2,30,4,4,1,7,5,0,0
"709",1974,53034,2,30,8,6,1,7,8,0,0
"710",1975,22669,1,30,3,4,1,2,9,0,1
"711",1982,79908,0,30,1,5,6,7,2,1,0
"712",1986,69867,0,30,1,3,5,8,1,1,1
"713",1966,70287,0,30,1,5,5,10,3,0,1
"714",1966,37070,2,30,9,5,1,8,7,0,1
"715",1966,37070,2,30,9,5,1,8,7,0,1
"716",1966,38179,2,30,4,3,1,3,7,0,0
"717",1983,39922,1,30,2,3,0,4,8,0,0
"718",1983,39922,1,30,2,3,0,4,8,0,0
"719",1983,39922,1,30,2,3,0,4,8,0,0
"720",1963,64191,1,30,3,5,3,13,3,0,0
"721",1975,41658,2,30,2,1,1,2,4,0,0
"722",1976,40780,1,30,4,7,1,5,9,0,0
"723",1979,77568,1,30,1,10,2,8,5,3,0
"724",1985,66503,1,30,2,4,3,6,3,0,0
"725",1986,83512,0,31,1,4,7,10,1,4,1
"726",1964,31686,2,31,2,1,0,3,6,0,0
"727",1976,71322,1,31,1,4,1,7,2,0,0
"728",1988,27938,1,31,1,1,0,4,3,0,0
"729",1951,22263,2,31,2,1,0,3,6,0,0
"730",1956,34633,3,31,1,1,0,2,6,0,0
"731",1981,42162,1,31,2,3,1,3,6,1,1
"732",1976,162397,2,31,0,0,0,1,1,0,0
"733",1978,54162,2,31,1,1,0,3,4,0,0
"734",1955,41769,1,31,6,8,1,7,8,0,0
"735",1981,44953,0,31,1,7,3,13,6,1,0
"736",1978,37717,1,31,1,1,0,2,9,0,0
"737",1978,37717,1,31,1,1,0,2,9,0,0
"738",1970,40548,1,31,2,2,1,4,5,1,0
"739",1975,67893,1,31,2,3,2,9,8,0,0
"740",1953,69267,0,31,2,3,4,5,7,0,1
"741",1976,9548,1,31,2,1,0,3,8,0,0
"742",1958,68281,0,31,1,2,9,13,5,0,1
"743",1960,92556,0,32,0,3,5,13,0,0,0
"744",1979,48526,1,32,1,2,1,4,3,0,0
"745",1991,90273,0,32,1,5,6,7,2,3,1
"746",1981,19414,1,32,1,1,0,3,8,0,0
"747",1958,79761,1,32,1,5,2,11,3,0,0
"748",1951,53312,0,32,1,5,1,5,7,0,0
"749",1982,41039,0,32,1,8,1,5,8,0,0
"750",1961,88347,0,32,1,4,7,9,1,1,0
"751",1983,50150,0,32,2,5,2,7,5,0,0
"752",1983,50150,0,32,2,5,2,7,5,0,0
"753",1971,10245,1,32,3,1,2,2,5,0,0
"754",1985,33454,1,32,2,4,0,4,8,0,0
"755",1952,40887,2,32,3,3,1,3,9,0,1
"756",1975,55914,1,32,4,11,6,8,7,0,0
"757",1983,37292,1,32,5,6,3,5,8,0,0
"758",1971,52914,1,32,2,7,3,3,7,1,0
"759",1972,24884,1,32,1,0,0,3,7,0,0
"760",1970,67384,1,32,2,7,8,5,5,1,0
"761",1960,51651,1,32,4,6,2,5,8,0,0
"762",1980,82497,0,32,1,2,7,9,4,1,0
"763",1963,32632,0,32,2,4,4,8,5,0,0
"764",1963,33562,3,33,3,2,0,4,4,0,0
"765",1967,79146,2,33,2,8,1,8,6,0,0
"766",1967,79146,2,33,2,8,1,8,6,0,0
"767",1981,36143,1,33,1,0,1,2,3,0,0
"768",1973,27159,2,33,2,1,0,3,6,0,0
"769",1960,41275,3,33,4,3,1,3,5,0,0
"770",1965,76800,0,33,1,4,4,7,1,0,0
"771",1987,75794,0,33,1,7,5,12,3,1,0
"772",1951,30833,2,33,2,1,0,3,5,0,0
"773",1949,26518,2,33,3,2,0,3,8,0,1
"774",1981,91065,0,33,1,7,9,9,3,2,1
"775",1962,45183,0,33,1,4,1,7,7,1,0
"776",1950,48070,1,33,3,8,2,6,7,0,0
"777",1971,30372,2,33,3,2,0,3,7,0,0
"778",1971,30372,2,33,3,2,0,3,7,0,0
"779",1975,57036,1,33,4,6,3,13,9,1,0
"780",1970,66731,1,33,4,4,3,6,3,0,0
"781",1970,35682,1,34,1,1,1,3,2,0,0
"782",1989,10979,0,34,2,3,0,3,5,0,0
"783",1989,10979,0,34,2,3,0,3,5,0,0
"784",1965,57912,1,34,5,8,3,12,5,1,0
"785",1972,36026,3,34,2,2,0,3,6,0,0
"786",1971,35788,2,34,2,2,0,3,6,0,0
"787",1959,42243,2,34,2,2,0,3,7,0,0
"788",1956,46086,1,34,4,3,1,8,4,0,0
"789",1978,61346,1,34,1,5,7,10,3,0,0
"790",1971,33316,2,34,3,2,1,4,6,0,0
"791",1971,33316,2,34,3,2,1,4,6,0,0
"792",1987,21063,1,34,2,2,0,3,6,0,0
"793",1970,33697,1,34,1,1,0,2,7,1,0
"794",1978,25804,1,34,2,2,0,3,8,0,0
"795",1977,72117,1,34,1,9,7,9,5,0,0
"796",1966,61286,1,34,2,7,1,8,5,0,0
"797",1966,61286,1,34,2,7,1,8,5,0,0
"798",1958,65196,2,34,2,7,6,11,5,1,0
"799",1971,55635,1,34,4,7,3,7,6,0,0
"800",1981,42021,1,34,5,10,1,6,9,1,0
"801",1972,75251,0,34,1,7,6,5,5,0,1
"802",1968,35322,3,34,3,2,0,4,8,0,0
"803",1969,53374,1,34,6,4,2,9,9,1,1
"804",1959,87195,0,35,1,3,11,5,1,0,1
"805",1981,42395,2,35,4,3,1,4,7,0,0
"806",1966,82427,0,35,1,3,5,12,1,1,0
"807",1969,44602,2,35,6,6,1,4,8,0,0
"808",1951,94642,0,35,0,5,7,9,1,2,0
"809",1983,28359,1,35,1,1,0,2,7,0,0
"810",1975,55801,2,35,6,7,2,6,7,1,0
"811",1973,92955,0,35,1,6,7,9,2,2,1
"812",1968,56534,1,35,4,10,4,7,8,2,1
"813",1962,69627,1,35,2,8,2,11,5,0,0
"814",1970,78579,0,35,1,5,6,4,3,0,1
"815",1980,44964,2,35,1,1,0,3,8,0,0
"816",1974,30899,1,35,2,1,0,3,6,0,0
"817",1964,78825,0,35,1,5,10,13,3,0,1
"818",1987,25545,1,35,3,2,2,3,6,0,1
"819",1971,47111,1,35,6,3,2,10,9,0,0
"820",1955,49667,0,35,2,5,10,5,8,1,1
"821",1947,66000,0,36,1,1,3,5,1,0,0
"822",1964,46910,2,36,2,2,0,3,6,0,0
"823",1972,25224,1,36,2,1,1,3,3,0,0
"824",1968,77382,1,36,2,5,7,12,1,1,0
"825",1967,28420,1,36,1,1,0,2,6,0,0
"826",1977,32952,1,36,1,2,0,3,7,0,0
"827",1975,46149,1,36,5,5,1,7,5,0,0
"828",1899,83532,0,36,1,4,6,4,1,1,0
"829",1947,73059,1,36,1,9,3,13,4,0,0
"830",1947,73059,1,36,1,9,3,13,4,0,0
"831",1959,35701,0,36,1,1,0,3,6,0,0
"832",1983,89616,0,36,1,7,5,12,2,0,1
"833",1970,105471,0,36,0,9,8,13,3,2,1
"834",1948,78427,0,36,3,3,7,10,3,1,1
"835",1986,22518,1,36,2,2,1,2,5,1,1
"836",1976,59809,2,36,3,3,3,6,8,0,0
"837",1982,39660,1,36,3,7,1,3,9,0,1
"838",1950,52203,0,36,1,8,7,11,6,0,0
"839",1973,35860,2,37,2,1,1,2,5,1,1
"840",1973,35860,2,37,2,1,1,2,5,1,0
"841",1973,35860,2,37,2,1,1,2,5,1,0
"842",1973,35860,2,37,2,1,1,2,5,1,1
"843",1950,76842,0,37,1,1,8,7,0,0,0
"844",1951,15033,0,37,1,1,0,3,3,0,0
"845",1970,67353,1,37,5,5,6,12,2,0,0
"846",1975,17003,1,37,3,2,0,4,5,0,0
"847",1965,65735,2,37,5,6,2,6,7,0,0
"848",1971,45684,1,37,1,1,0,2,7,0,0
"849",1969,21918,1,37,2,2,0,3,6,0,0
"850",1978,51267,2,37,4,3,3,5,4,0,0
"851",1972,59868,1,37,7,11,2,12,6,0,0
"852",1991,51373,0,37,1,3,5,3,4,0,0
"853",1958,46692,1,37,3,6,1,5,6,0,0
"854",1971,157733,1,37,0,1,0,1,1,0,0
"855",1950,54432,3,37,1,1,0,3,4,0,0
"856",1984,79607,0,37,1,3,6,6,1,0,1
"857",1972,51813,2,37,2,2,0,3,7,0,0
"858",1989,17487,1,37,1,1,0,2,7,0,0
"859",1968,40706,3,37,4,3,0,4,7,0,0
"860",1959,62859,1,37,4,9,4,6,6,0,0
"861",1958,61074,1,37,7,11,5,8,7,0,0
"862",1969,43638,1,37,2,4,1,4,7,0,0
"863",1956,58116,1,38,2,3,3,8,2,0,0
"864",1969,62187,1,38,3,6,2,10,4,0,0
"865",1954,46344,2,38,2,1,1,2,5,0,0
"866",1980,77353,1,38,2,6,4,8,4,0,0
"867",1966,69759,0,38,3,4,6,5,3,0,1
"868",1986,21846,1,38,4,4,0,3,8,0,0
"869",1975,76532,2,38,4,9,5,7,5,0,0
"870",1965,70053,1,38,3,8,5,10,5,0,0
"871",1958,75342,1,38,1,5,2,10,4,0,0
"872",1982,27590,1,38,1,1,0,2,7,0,0
"873",1973,51148,2,38,4,5,1,6,6,0,0
"874",1963,33378,2,38,3,2,0,4,7,0,0
"875",1973,32644,1,38,4,7,1,6,8,1,0
"876",1969,33581,2,38,1,1,0,2,8,0,0
"877",1978,12393,0,38,1,2,0,3,9,0,0
"878",1984,42710,1,38,2,4,5,3,6,0,0
"879",1957,82347,0,38,1,7,7,10,3,2,0
"880",1957,82347,0,38,1,7,7,10,3,2,1
"881",1955,22554,2,38,4,2,0,4,5,0,0
"882",1987,17323,0,38,1,1,0,3,8,0,0
"883",1960,62204,2,38,1,4,5,12,3,0,0
"884",1956,78028,1,38,1,6,4,9,7,2,1
"885",1962,63887,1,38,5,9,6,12,6,0,0
"886",1965,32727,0,38,2,7,3,5,8,0,0
"887",1985,29103,1,38,2,1,0,3,9,0,0
"888",1965,61482,0,39,1,3,2,6,2,0,0
"889",1970,20587,1,39,1,1,1,2,7,0,0
"890",1970,20587,1,39,1,1,1,2,7,0,0
"891",1976,52190,2,39,3,2,1,3,5,1,0
"892",1974,48186,1,39,3,4,1,4,7,0,0
"893",1968,19329,1,39,3,4,0,3,8,0,0
"894",1971,34109,1,39,1,0,0,3,4,0,0
"895",1986,23477,1,39,3,3,0,4,8,0,0
"896",1966,47472,2,39,2,2,0,4,5,0,0
"897",1976,14849,1,39,3,2,0,4,8,0,0
"898",1978,26224,1,39,3,2,1,3,6,0,0
"899",1962,27238,2,39,3,3,0,3,9,0,0
"901",1962,57967,1,39,5,4,2,8,5,0,0
"902",1949,51569,1,39,4,7,1,7,8,1,1
"903",1954,72550,2,39,9,5,2,12,8,0,0
"904",1970,44511,1,39,6,8,4,8,8,0,0
"905",1955,62972,1,39,2,7,4,3,6,0,1
"906",1955,62972,1,39,2,7,4,3,6,0,0
"907",1989,77845,0,40,1,3,5,12,1,2,0
"908",1975,36663,1,40,1,1,1,3,2,0,0
"909",1976,53204,2,40,1,1,0,3,4,0,0
"910",1982,21059,1,40,3,3,0,3,6,0,0
"911",1953,67087,1,40,2,7,5,8,4,0,0
"912",1953,73892,0,40,1,3,11,8,1,0,1
"913",1992,75114,0,40,1,3,10,5,2,0,0
"914",1948,42192,0,40,1,2,1,3,4,0,0
"915",1960,31454,2,40,3,2,0,3,8,0,0
"916",1978,22775,1,40,1,1,0,2,8,0,0
"917",1978,22775,1,40,1,1,0,2,8,0,0
"918",1972,31590,1,40,1,1,0,3,8,0,0
"919",1972,80134,1,40,2,5,3,6,6,3,1
"920",1972,80134,1,40,2,5,3,6,6,3,1
"921",1972,14188,0,40,1,2,0,4,6,0,0
"922",1985,18169,1,40,1,1,0,2,8,0,0
"923",1956,62503,1,40,4,8,3,11,5,0,0
"924",1954,46734,1,40,2,6,1,5,7,0,0
"925",1991,68126,0,40,1,7,4,5,9,1,1
"926",1954,52869,2,40,3,3,1,4,7,0,1
"927",1986,26576,1,40,1,1,0,2,9,1,1
"928",1976,75825,0,40,0,5,8,9,4,1,1
"929",1950,57045,1,40,3,4,2,9,3,0,0
"930",1975,34984,2,40,2,1,0,3,7,0,0
"931",1973,27803,1,40,2,3,0,4,8,0,0
"932",1975,69283,1,41,4,7,3,13,5,0,0
"933",1992,18746,1,41,2,3,0,3,6,0,0
"934",1965,70924,0,41,1,6,6,7,3,1,0
"935",1965,70924,0,41,1,6,6,7,3,1,0
"936",1973,69401,1,41,4,4,4,5,2,0,0
"937",1976,75012,0,41,1,3,8,11,1,0,0
"938",1978,85738,0,41,1,3,6,11,1,2,0
"939",1975,60934,1,41,2,6,4,11,4,0,0
"940",1986,27161,1,41,1,1,0,3,7,0,0
"941",1961,64325,1,41,5,10,3,5,7,0,0
"942",1973,18978,1,41,1,1,0,3,8,0,0
"943",1977,41124,1,41,7,7,3,4,8,0,0
"944",1984,39684,1,41,2,2,1,2,7,0,1
"945",1963,53378,2,41,10,9,4,6,8,0,1
"946",1982,37040,0,41,1,4,2,5,8,0,0
"947",1977,78710,1,42,3,7,6,12,4,0,0
"948",1986,92910,0,42,1,6,7,13,1,3,0
"949",1976,36283,2,42,2,1,0,3,4,0,0
"950",1974,79632,0,42,1,6,4,9,2,0,0
"951",1978,28587,1,42,3,2,0,4,6,0,0
"952",1981,88325,0,42,1,6,2,9,2,0,0
"953",1958,51412,1,42,2,3,2,4,4,0,0
"954",1952,63998,0,42,1,7,6,11,4,0,1
"955",1978,38593,1,42,3,4,1,3,8,0,0
"956",1977,27889,1,42,1,1,1,2,6,0,0
"957",1980,45889,1,42,1,1,0,3,6,0,0
"958",1967,56575,2,42,3,7,3,7,5,0,0
"959",1979,16014,2,42,4,1,1,4,3,0,0
"960",1958,61331,2,42,5,11,1,6,8,0,0
"961",1976,70893,0,42,1,6,6,10,3,0,0
"962",1979,2447,1,42,15,0,28,0,1,0,0
"963",1957,64849,0,42,1,9,3,6,5,0,1
"964",1989,42387,1,42,5,8,1,7,8,0,0
"965",1995,80617,0,42,1,4,6,8,2,0,0
"966",1985,54006,1,42,2,8,1,7,7,0,0
"967",1978,16531,1,43,3,3,0,3,7,0,0
"968",1966,30843,2,43,2,1,1,2,5,1,0
"969",1984,18988,1,43,2,1,0,3,7,0,0
"970",1965,81051,0,43,1,5,5,12,2,2,0
"971",1988,39747,1,43,3,5,1,4,8,0,0
"972",1959,34554,1,43,2,2,0,3,6,0,0
"973",1959,52854,2,43,2,2,1,4,5,0,0
"974",1970,81205,0,43,1,5,6,7,2,3,1
"975",1970,69084,1,43,2,7,3,13,8,0,0
"976",1970,69084,1,43,2,7,3,13,8,0,0
"977",1974,65352,1,43,2,4,2,8,4,0,0
"978",1972,22063,1,43,2,2,0,3,7,0,0
"979",1979,47691,1,43,1,1,0,2,6,0,0
"980",1968,29187,1,43,1,1,0,3,8,0,0
"981",1972,72504,1,43,2,5,9,6,2,0,0
"982",1970,33986,1,43,1,1,0,3,7,0,0
"983",1986,42386,1,43,1,3,0,3,8,0,0
"984",1986,42386,1,43,1,3,0,3,8,0,0
"985",1953,36957,2,43,4,3,2,2,9,0,1
"986",1988,13724,1,43,1,2,0,2,9,1,0
"987",1967,42664,1,44,1,1,0,3,6,0,0
"988",1958,37334,2,44,4,3,0,4,4,0,0
"989",1951,78497,0,44,1,5,7,12,2,1,0
"990",1951,78497,0,44,1,5,7,12,2,1,0
"991",1956,58821,1,44,1,9,2,9,6,0,0
"992",1953,58398,0,44,3,5,4,8,4,0,0
"993",1961,80950,0,44,1,6,7,9,2,1,0
"994",1980,30732,1,44,4,4,1,4,8,0,0
"995",1966,89572,0,44,1,7,7,9,4,2,1
"996",1968,57107,1,44,7,4,4,8,8,2,1
"997",1970,76467,1,44,2,2,5,5,6,0,1
"999",1948,51315,0,45,1,2,2,5,2,0,0
"1000",1966,43602,2,45,3,3,1,2,6,0,0
"1001",1978,38643,2,45,2,2,0,3,7,0,0
"1002",1951,49090,1,45,3,7,2,9,7,0,0
"1003",1970,70617,0,45,1,3,3,7,2,0,0
"1004",1970,67536,1,45,3,11,5,11,8,1,0
"1005",1975,27573,1,45,4,5,1,4,8,0,0
"1006",1979,13533,1,45,2,2,0,3,7,0,0
"1007",1953,50725,1,45,4,8,1,8,8,0,0
"1008",1978,25851,1,45,2,2,0,3,7,0,0
"1009",1978,57113,2,45,6,4,1,5,7,0,0
"1010",1945,62847,0,45,1,3,6,4,2,0,0
"1011",1982,68627,0,45,1,2,3,6,1,0,0
"1012",1983,25271,1,45,1,1,1,2,9,0,0
"1013",1966,63810,1,45,4,4,3,12,8,1,0
"1014",1966,63810,1,45,4,4,3,12,8,1,0
"1015",1958,65488,0,46,1,3,4,6,1,0,0
"1016",1955,36927,2,46,2,3,0,3,8,0,0
"1017",1977,22108,2,46,2,2,0,3,7,0,0
"1018",1949,72025,0,46,1,4,8,13,2,3,1
"1019",1975,33183,1,46,2,4,0,3,7,0,0
"1020",1982,23661,1,46,1,1,0,3,7,0,0
"1021",1977,25315,1,46,3,3,0,3,8,0,0
"1022",1961,45938,0,46,2,8,4,6,6,0,0
"1023",1988,66951,0,46,1,3,4,7,1,0,0
"1024",1979,77298,1,46,1,6,6,11,3,0,0
"1025",1979,77298,1,46,1,6,6,11,3,0,0
"1026",1974,43018,1,46,1,2,2,2,5,0,0
"1027",1969,75759,0,46,1,9,7,9,5,3,1
"1028",1989,33996,0,46,1,1,1,3,4,0,0
"1029",1989,33996,0,46,1,1,1,3,4,0,0
"1030",1970,54137,1,46,2,4,1,4,6,0,0
"1031",1967,61223,1,46,2,9,3,4,5,0,0
"1032",1968,69674,2,46,3,10,2,10,5,0,0
"1033",1972,49494,1,46,2,6,1,5,7,0,0
"1034",1962,51195,2,46,8,9,2,5,8,0,0
"1035",1975,37284,2,46,1,0,0,3,6,0,0
"1036",1975,37284,2,46,1,0,0,3,6,0,0
"1037",1978,42011,1,46,4,3,1,4,8,0,0
"1038",1954,70044,1,46,4,7,10,5,5,0,0
"1039",1972,46053,1,46,3,3,2,4,5,0,0
"1040",1981,24480,1,46,3,3,0,4,7,0,0
"1041",1977,54233,1,46,4,11,6,5,8,0,0
"1042",1954,36130,1,46,6,3,8,4,4,1,1
"1043",1975,56559,1,46,3,4,3,8,4,0,0
"1044",1992,92859,0,46,1,5,4,12,2,0,0
"1045",1980,44010,1,46,6,10,2,6,9,0,0
"1046",1963,80124,0,47,1,3,7,8,1,1,0
"1047",1963,80124,0,47,1,3,7,8,1,1,0
"1048",1980,50183,2,47,7,3,1,6,5,0,0
"1049",1971,64722,1,47,4,8,2,11,6,0,0
"1050",1976,37395,1,47,1,1,0,3,6,0,0
"1051",1968,29543,2,47,2,3,1,2,7,0,0
"1052",1968,19514,2,47,4,3,1,2,8,1,1
"1053",1968,19514,2,47,4,3,1,2,8,1,0
"1054",1975,59481,1,47,2,3,3,8,2,0,0
"1055",1947,91712,0,47,0,9,7,11,3,1,1
"1056",1975,80144,0,47,1,3,7,8,1,0,0
"1057",1972,59973,0,47,1,3,4,7,1,0,0
"1058",1974,68352,1,47,3,8,5,9,6,0,0
"1059",1975,81169,0,47,1,5,7,9,2,0,0
"1060",1975,61456,1,47,4,6,10,13,4,0,0
"1061",1966,22634,0,47,1,2,1,2,8,0,0
"1062",1966,22634,0,47,1,2,1,2,8,0,0
"1063",1975,23957,1,47,1,2,0,3,6,0,1
"1064",1973,33471,1,47,3,3,0,4,7,0,0
"1065",1950,52157,1,48,2,3,2,5,4,0,0
"1066",1985,30298,0,48,1,1,1,3,3,0,0
"1067",1950,56551,2,48,3,2,1,4,4,0,0
"1068",1950,56551,2,48,3,2,1,4,4,0,0
"1069",1957,65487,0,48,3,3,5,6,2,0,0
"1070",1957,65487,0,48,3,3,5,6,2,0,0
"1071",1952,44213,2,48,4,2,1,5,6,0,0
"1072",1974,40344,1,48,2,4,1,5,7,0,0
"1073",1978,57867,1,48,7,7,2,9,6,0,0
"1074",1973,25410,1,48,1,1,0,4,4,0,0
"1075",1970,13260,2,48,4,3,0,3,8,0,0
"1076",1991,42691,0,48,1,5,1,6,5,0,0
"1077",1970,36138,2,48,5,3,1,4,7,1,0
"1078",1972,57136,2,48,9,5,2,10,6,0,0
"1079",1955,58275,2,48,6,8,2,7,7,0,0
"1080",1957,54237,1,48,4,5,2,5,6,0,0
"1081",1974,34596,1,48,1,1,0,2,8,0,1
"1082",1974,34596,1,48,1,1,0,2,8,0,0
"1083",1961,74881,2,48,4,9,2,12,5,0,0
"1084",1961,74881,2,48,4,9,2,12,5,0,0
"1085",1970,44267,2,48,5,5,2,4,9,0,0
"1086",1988,68487,0,48,1,9,7,13,4,0,0
"1087",1988,68487,0,48,1,9,7,13,4,0,0
"1088",1959,80982,2,48,3,11,5,11,5,0,0
"1089",1980,69508,1,48,2,11,4,11,6,0,0
"1090",1961,63342,1,48,3,8,3,5,6,1,0
"1091",1961,63342,1,48,3,8,3,5,6,1,1
"1092",1961,82014,0,48,1,3,6,12,6,0,1
"1093",1959,76320,1,49,2,6,3,4,2,0,0
"1094",1954,64587,2,49,2,1,1,4,3,0,0
"1095",1975,74190,1,49,2,4,2,11,2,0,0
"1096",1979,32765,1,49,2,2,0,4,5,0,0
"1098",1975,22212,1,49,2,2,0,4,6,0,0
"1099",1989,18358,1,49,3,3,0,4,7,0,0
"1100",1974,26067,1,49,3,3,0,3,8,0,0
"1101",1969,22390,0,49,1,1,0,2,7,0,0
"1102",1978,70440,0,49,1,5,10,7,3,1,0
"1103",1978,60199,3,49,1,0,0,3,4,0,0
"1104",1981,38547,1,49,1,1,0,2,8,0,0
"1105",1980,19107,1,49,2,1,0,3,7,0,0
"1106",1985,37929,0,49,2,4,2,5,7,2,1
"1107",1950,16813,0,49,1,2,0,3,7,1,0
"1108",1957,62187,0,49,1,4,8,5,3,0,0
"1109",1966,57811,1,49,5,7,2,11,5,1,0
"1110",1956,50943,1,49,1,1,0,3,5,0,0
"1111",1956,50943,1,49,1,1,0,3,5,0,0
"1112",1975,53201,2,49,8,6,3,5,7,0,0
"1113",1963,54414,2,49,4,3,1,5,4,0,0
"1114",1972,26290,2,49,4,2,0,4,6,0,0
"1115",1959,61250,1,49,6,5,2,12,5,0,0
"1116",1947,28389,0,49,1,1,0,2,7,0,0
"1117",1965,55250,1,49,4,7,5,10,5,0,0
"1118",1966,37758,2,49,2,1,0,3,8,0,0
"1119",1966,37758,2,49,2,1,0,3,8,0,0
"1120",1957,37633,2,49,2,1,0,3,9,0,0
"1121",1963,33629,2,49,5,3,1,4,9,0,0
"1122",1967,36947,2,49,4,3,0,4,9,0,0
"1123",1952,69142,1,50,3,8,1,7,5,1,0
"1124",1959,53154,1,50,1,3,1,4,4,0,0
"1125",1960,65695,1,50,2,5,4,10,4,0,0
"1126",1952,69805,1,50,2,6,8,11,2,0,0
"1127",1978,36975,1,50,1,1,0,3,7,0,0
"1128",1973,26228,1,50,1,1,0,2,8,0,0
"1129",1972,37787,1,50,1,3,0,3,8,0,0
"1130",1974,37087,1,50,3,4,2,8,6,0,0
"1131",1952,57247,1,50,2,2,1,7,2,0,0
"1132",1954,36930,1,50,5,5,2,4,8,0,0
"1133",1963,48721,2,50,6,4,2,5,6,0,0
"1134",1969,43641,2,50,3,2,1,4,6,0,0
"1135",1951,75903,1,50,2,6,6,9,3,0,0
"1136",1956,71391,1,50,5,6,5,12,3,0,0
"1137",1976,16927,2,50,5,3,0,4,8,0,0
"1138",1961,27215,3,50,4,2,1,4,6,0,0
"1139",1976,53858,1,50,4,4,3,6,4,0,0
"1140",1963,30983,0,50,1,4,0,3,8,0,1
"1141",1952,43462,2,50,6,4,1,5,8,0,0
"1142",1956,63943,1,50,1,6,4,6,5,0,0
"1143",1986,26816,0,50,1,0,0,3,4,0,0
"1144",1976,75484,1,50,2,7,3,6,4,0,0
"1145",1966,33564,1,51,1,1,1,3,5,0,0
"1146",1953,54348,2,51,2,2,0,4,6,0,0
"1147",1959,54984,1,51,4,6,1,6,7,1,0
"1148",1984,34738,1,51,1,1,0,3,6,0,0
"1149",1963,68118,1,51,2,8,9,4,6,0,0
"1150",1963,68118,1,51,2,8,9,4,6,0,0
"1151",1973,22682,1,51,3,2,1,4,4,0,0
"1152",1975,51948,1,51,2,5,2,4,5,0,0
"1153",1969,25293,1,51,1,1,1,2,8,0,0
"1154",1969,25293,1,51,1,1,1,2,8,0,0
"1155",1964,41551,2,51,5,5,1,5,8,0,0
"1156",1962,56067,1,51,2,7,4,7,5,0,0
"1157",1952,67433,2,51,4,6,5,13,4,1,0
"1158",1983,22010,1,51,2,2,0,3,8,0,0
"1159",1952,64831,2,51,8,6,3,5,6,0,0
"1160",1954,62820,0,51,1,3,4,6,1,0,0
"1161",1954,62820,0,51,1,3,4,6,1,0,0
"1162",1959,78353,1,51,1,10,2,11,8,0,0
"1163",1966,57183,2,51,8,9,1,7,8,0,0
"1164",1965,23478,0,51,1,3,0,3,8,0,0
"1165",1978,30168,1,51,7,6,1,4,9,0,0
"1166",1989,37155,1,51,1,2,0,4,5,0,0
"1167",1985,16581,0,51,1,0,0,3,4,0,0
"1168",1980,41850,2,51,3,3,0,3,8,0,0
"1169",1967,81380,0,51,1,4,2,10,2,0,0
"1170",1981,56386,2,51,8,9,1,7,9,0,0
"1171",1971,25818,1,51,1,0,1,2,7,0,0
"1172",1984,15345,1,51,2,1,1,2,8,0,1
"1173",1977,57954,2,52,7,8,2,6,7,1,0
"1174",1952,50300,1,52,2,2,1,8,2,0,0
"1175",1955,38725,2,52,2,1,0,4,4,0,0
"1176",1989,10404,1,52,2,1,0,4,5,0,0
"1177",1991,26868,1,52,1,1,0,2,7,0,0
"1178",1949,72298,0,52,1,4,3,6,1,2,0
"1179",1958,72905,0,52,1,3,7,9,1,1,0
"1180",1976,47025,1,52,3,6,3,5,6,0,0
"1181",1985,29938,1,52,2,1,0,3,6,0,0
"1182",1948,46681,2,52,2,4,6,4,5,0,0
"1183",1948,46681,2,52,2,4,6,4,5,0,0
"1184",1970,29548,1,52,1,1,1,2,4,1,0
"1185",1956,62058,1,52,4,6,1,7,6,0,0
"1187",1963,36736,2,52,1,1,0,2,6,0,0
"1188",1952,8820,2,52,4,3,0,3,8,0,0
"1189",1963,14918,1,52,1,1,0,3,6,0,0
"1190",1974,56715,0,52,1,7,3,4,4,0,0
"1191",1978,24882,1,52,1,1,1,2,6,1,0
"1192",1978,24882,1,52,1,1,1,2,6,1,0
"1193",1952,40442,2,52,4,3,1,4,7,0,1
"1194",1965,64176,1,52,8,8,9,8,6,0,0
"1195",1983,23536,1,53,1,0,0,3,3,0,0
"1196",1958,35246,2,53,4,3,1,3,5,0,0
"1197",1978,28442,2,53,3,2,1,4,4,0,0
"1198",1956,48195,2,53,6,4,2,5,6,0,0
"1199",1982,74116,0,53,1,4,4,10,2,1,0
"1200",1947,78093,0,53,1,4,7,5,1,0,0
"1201",1952,59354,2,53,3,6,1,5,6,0,0
"1202",1976,36301,1,53,1,3,0,3,7,0,0
"1203",1943,77598,0,53,1,7,5,13,3,1,0
"1204",1972,62710,1,53,4,4,2,12,4,0,0
"1205",1965,36317,1,53,2,3,0,4,7,0,0
"1206",1971,42767,2,53,1,3,1,2,8,0,0
"1207",1982,43815,1,53,1,2,0,3,6,0,0
"1208",1971,44421,2,53,5,5,0,4,8,0,0
"1209",1943,48948,0,53,2,7,10,5,6,1,1
"1210",1943,48948,0,53,2,7,10,5,6,1,1
"1211",1950,63120,1,53,5,8,4,9,7,0,1
"1212",1950,55517,2,53,5,11,1,6,9,0,1
"1213",1957,36864,1,53,3,5,2,4,8,0,1
"1215",1977,82582,0,54,1,4,9,7,1,2,1
"1216",1958,79803,1,54,1,4,3,5,1,0,0
"1217",1967,52569,1,54,1,2,0,4,3,0,0
"1218",1948,82032,0,54,0,4,6,7,1,0,0
"1219",1948,82032,0,54,0,4,6,7,1,0,0
"1220",1972,65685,1,54,1,9,2,9,5,0,0
"1221",1972,65685,1,54,1,9,2,9,5,0,0
"1222",1957,40451,2,54,1,1,1,2,5,1,0
"1223",1973,31163,1,54,1,1,0,3,6,0,0
"1224",1973,31163,1,54,1,1,0,3,6,0,0
"1225",1952,35704,2,54,3,2,0,4,4,0,0
"1226",1973,7500,1,54,4,3,1,3,7,0,0
"1227",1983,36075,1,54,1,2,0,4,6,0,0
"1228",1982,70038,0,54,1,4,4,8,2,0,0
"1229",1982,70038,0,54,1,4,4,8,2,0,0
"1230",1971,71796,0,54,1,9,3,4,4,0,0
"1231",1967,47821,2,54,1,1,0,3,8,0,0
"1232",1975,45503,1,54,1,3,1,4,5,0,0
"1233",1978,28647,1,54,1,2,2,2,7,1,1
"1234",1972,37760,1,54,1,2,0,3,6,0,0
"1235",1952,85431,0,54,1,2,7,7,0,0,0
"1236",1955,72635,0,54,1,6,8,6,3,1,0
"1237",1955,72635,0,54,1,6,8,6,3,1,0
"1238",1948,77142,0,54,1,4,4,8,2,0,0
"1239",1978,53172,1,54,3,2,3,8,3,0,0
"1240",1968,36065,2,54,3,3,0,3,8,0,0
"1241",1973,73926,0,54,1,6,5,12,3,0,0
"1242",1977,35790,1,54,2,2,0,3,7,0,0
"1243",1962,39552,2,54,7,6,2,5,8,0,1
"1244",1964,68316,1,54,5,10,7,10,6,0,0
"1245",1977,102160,0,54,0,7,9,10,4,3,1
"1246",1965,51390,2,54,6,5,2,5,5,0,0
"1247",1981,72066,0,55,1,4,6,6,2,2,1
"1248",1976,21675,1,55,3,4,0,3,7,0,0
"1249",1965,48006,2,55,1,1,0,3,6,0,0
"1250",1975,65106,1,55,3,8,3,13,6,1,0
"1251",1960,58401,1,55,1,1,2,2,4,0,0
"1252",1960,29315,2,55,4,2,0,4,6,0,0
"1253",1951,49389,2,55,1,2,0,3,7,0,0
"1254",1965,51717,1,55,1,3,0,4,7,1,0
"1255",1960,46779,2,55,1,0,1,2,4,0,0
"1256",1960,28520,2,55,1,1,1,2,6,0,0
"1257",1963,34377,1,55,2,2,2,2,7,0,0
"1258",1961,54959,1,55,3,9,5,4,7,1,1
"1259",1955,82384,0,55,1,3,10,13,1,1,1
"1260",1956,46998,1,55,5,5,3,5,7,1,0
"1261",1968,58554,2,55,6,8,2,6,7,0,0
"1262",1968,58554,2,55,6,8,2,6,7,0,0
"1263",1954,57333,1,55,11,8,5,9,6,0,1
"1264",1994,80685,0,55,1,6,4,10,2,0,0
"1265",1965,52117,1,55,2,5,2,4,7,0,0
"1266",1972,62220,1,55,5,7,6,5,6,0,1
"1267",1946,64014,3,56,7,8,2,5,7,1,0
"1268",1946,64014,3,56,7,8,2,5,7,1,0
"1269",1955,46390,1,56,1,4,2,3,7,0,0
"1270",1979,75507,0,56,1,8,6,6,3,0,0
"1271",1979,75507,0,56,1,8,6,6,3,0,0
"1272",1951,59412,0,56,1,4,2,8,3,0,0
"1273",1968,50616,1,56,2,4,0,4,7,0,0
"1274",1969,35924,2,56,1,1,0,3,5,0,0
"1275",1982,57937,1,56,3,4,4,9,3,0,0
"1276",1984,73356,0,56,1,5,11,5,2,3,1
"1277",1974,21255,1,56,4,2,1,4,4,0,0
"1278",1974,58494,1,56,2,6,2,6,6,0,0
"1279",1969,72460,0,56,1,3,5,7,1,0,0
"1280",1991,68682,0,56,1,4,9,10,2,0,0
"1281",1991,68682,0,56,1,4,9,10,2,0,0
"1282",1981,36959,1,56,2,2,0,3,8,0,0
"1283",1971,46463,2,56,7,3,1,6,6,0,0
"1284",1979,61825,1,56,1,4,2,8,4,0,0
"1285",1979,61825,1,56,1,4,2,8,4,0,0
"1286",1989,28691,1,56,1,1,0,3,8,0,0
"1287",1989,28691,1,56,1,1,0,3,8,0,0
"1288",1976,54058,1,56,2,4,6,8,3,0,0
"1289",1975,84196,1,56,1,8,4,7,3,0,0
"1290",1963,38620,0,56,1,2,5,3,3,0,0
"1291",1963,38620,0,56,1,2,5,3,3,0,0
"1292",1973,3502,1,56,0,0,0,0,14,0,0
"1293",1957,47743,1,56,3,4,1,6,6,1,0
"1294",1949,80360,0,56,2,4,4,5,2,3,0
"1295",1971,66303,1,56,4,3,4,11,8,1,0
"1296",1969,52413,2,56,4,6,4,12,6,0,0
"1297",1956,60714,0,56,2,7,4,10,5,0,1
"1298",1984,31385,1,56,1,1,0,2,8,1,1
"1299",1995,83257,0,56,1,5,10,12,6,2,1
"1300",1975,80427,1,56,1,11,8,8,5,0,0
"1301",1949,38823,1,56,1,2,1,3,6,0,0
"1302",1977,42014,1,56,6,7,1,6,8,0,1
"1303",1977,42014,1,56,6,7,1,6,8,0,1
"1304",1948,76140,0,57,1,5,9,6,2,0,0
"1305",1964,41713,2,57,5,3,1,4,6,0,0
"1306",1954,62670,1,57,1,5,3,13,3,0,0
"1307",1972,70932,1,57,2,6,2,12,3,0,0
"1308",1951,78939,0,57,1,8,5,6,3,0,0
"1309",1960,44512,2,57,2,1,0,3,4,0,0
"1310",1968,63967,1,57,3,4,4,12,2,0,0
"1311",1948,90842,0,57,1,4,9,13,1,0,0
"1312",1947,25358,1,57,2,1,0,3,6,0,0
"1314",1982,28567,1,57,2,2,0,3,6,0,0
"1315",1978,66373,2,57,7,4,2,10,3,0,0
"1316",1978,66373,2,57,7,4,2,10,3,0,0
"1317",1952,83844,0,57,1,4,4,11,1,1,0
"1318",1952,83844,0,57,1,4,4,11,1,1,0
"1319",1952,83844,0,57,1,4,4,11,1,1,0
"1320",1968,83664,2,57,3,2,2,12,5,0,0
"1321",1951,27450,0,57,1,2,1,3,7,0,0
"1322",1978,54880,1,57,2,6,2,11,5,0,0
"1323",1965,71322,1,57,2,8,5,13,4,0,0
"1324",1976,60000,1,57,5,11,3,5,6,0,0
"1325",1969,65176,1,57,4,9,6,6,6,0,0
"1326",1952,61010,1,57,2,8,5,11,5,0,0
"1327",1981,31089,1,57,3,3,0,4,8,0,0
"1328",1988,20518,1,58,1,1,1,2,5,0,0
"1329",1948,34469,2,58,3,1,1,4,4,0,0
"1330",1952,28332,0,58,1,2,1,4,2,0,0
"1331",1965,33456,2,58,2,1,0,3,7,0,0
"1332",1968,38443,2,58,2,1,0,3,7,0,0
"1333",1973,65333,1,58,7,9,4,8,6,2,0
"1334",1952,82623,0,58,1,2,9,4,1,0,0
"1335",1971,73691,1,58,2,6,2,8,2,1,0
"1336",1947,74485,0,58,1,6,7,12,3,0,0
"1337",1955,65748,1,58,2,2,4,10,1,0,0
"1338",1982,24367,1,58,1,1,0,2,9,0,0
"1339",1971,91700,0,58,1,8,6,5,3,0,1
"1340",1993,79244,0,58,1,4,10,7,1,2,1
"1341",1957,82017,0,58,1,5,4,7,2,3,1
"1342",1957,58138,0,58,3,8,10,4,7,0,1
"1343",1953,59354,2,59,1,4,4,7,3,0,0
"1344",1955,58482,1,59,2,7,4,9,6,1,0
"1345",1976,29478,1,59,1,1,0,3,6,0,0
"1346",1972,64474,1,59,2,8,2,10,5,0,0
"1347",1975,31160,1,59,2,2,0,3,8,0,0
"1348",1972,40321,2,59,2,3,0,3,7,0,0
"1349",1972,40321,2,59,2,3,0,3,7,0,0
"1350",1971,55239,1,59,3,7,5,11,5,0,0
"1351",1943,57513,0,59,2,9,3,13,6,0,0
"1352",1979,85693,1,59,2,9,5,11,5,0,0
"1353",1977,71855,1,59,4,5,5,11,3,0,0
"1354",1976,7500,0,59,1,2,0,3,8,0,0
"1355",1971,71969,1,59,3,3,4,9,8,1,0
"1356",1977,28973,0,59,2,5,1,5,8,0,0
"1357",1951,80872,0,60,1,4,4,10,1,0,0
"1358",1956,84117,0,60,1,7,10,6,2,1,0
"1359",1958,38741,2,60,2,2,0,3,7,0,0
"1360",1973,38961,1,60,1,2,1,2,7,0,0
"1361",1968,75922,0,60,1,4,4,9,1,0,0
"1362",1965,56962,3,60,7,6,3,5,7,0,0
"1363",1965,56962,3,60,7,6,3,5,7,0,0
"1364",1949,70165,0,60,1,3,7,11,1,0,0
"1365",1973,65308,0,60,1,7,8,12,4,2,0
"1366",1951,29298,2,60,1,1,0,2,5,0,0
"1367",1967,63246,2,60,1,6,3,12,4,0,0
"1368",1952,33402,2,60,3,2,1,3,8,0,0
"1369",1990,96843,0,60,1,6,11,10,2,1,1
"1370",1986,82333,0,60,1,4,3,10,2,1,1
"1371",1949,72643,0,60,1,3,10,7,2,1,1
"1372",1982,32313,1,60,3,4,0,4,9,0,0
"1373",1956,55284,1,60,3,7,5,8,5,0,0
"1374",1979,15287,1,60,2,1,1,2,7,1,1
"1375",1979,15287,1,60,2,1,1,2,7,1,1
"1376",1987,51563,0,60,1,4,4,10,8,2,0
"1377",1976,81929,1,60,2,4,4,10,6,2,1
"1378",1953,53593,2,60,8,7,2,6,8,0,0
"1379",1973,60432,1,61,5,7,2,5,6,0,0
"1380",1957,66726,2,61,3,8,2,4,7,1,0
"1381",1959,62450,1,61,2,5,5,4,3,1,0
"1382",1975,49514,1,61,2,6,1,4,7,0,0
"1383",1972,43269,1,61,1,1,0,2,8,0,0
"1384",1959,33762,3,61,3,2,2,2,8,0,0
"1385",1966,60894,1,61,5,10,3,8,7,0,0
"1386",1959,87771,1,61,1,5,10,4,6,4,1
"1387",1959,87771,1,61,1,5,10,4,6,4,1
"1388",1955,50737,1,61,1,2,0,4,6,1,0
"1389",1956,26150,3,61,1,1,0,3,7,0,0
"1390",1951,57304,1,61,2,7,6,10,5,0,0
"1391",1951,71107,1,61,2,7,6,13,4,0,0
"1392",1975,53253,2,61,7,4,3,5,5,0,0
"1393",1958,81320,0,61,1,4,3,10,2,0,0
"1394",1992,87000,0,61,1,4,6,7,2,0,0
"1395",1974,40049,1,61,3,3,2,6,5,0,0
"1396",1970,63684,1,61,3,8,4,8,5,0,0
"1397",1970,69016,1,61,4,8,9,13,5,0,0
"1398",1979,7500,1,61,1,1,0,2,8,0,0
"1399",1957,73803,1,61,2,9,5,6,6,1,1
"1400",1973,46094,2,62,1,1,0,3,7,0,0
"1401",1973,85844,0,62,1,6,6,7,2,1,0
"1402",1955,38452,2,62,3,3,0,3,7,0,0
"1403",1955,38452,2,62,3,3,0,3,7,0,0
"1404",1955,80395,0,62,1,6,5,12,2,1,0
"1405",1988,87679,0,62,1,7,11,10,4,3,1
"1406",1949,35416,0,62,3,7,1,5,8,0,0
"1407",1946,44124,1,62,4,6,2,5,8,0,0
"1408",1958,50729,2,62,9,6,2,7,6,0,0
"1409",1953,94384,0,62,0,5,8,5,2,3,1
"1410",1953,94384,0,62,0,5,8,5,2,3,1
"1411",1990,34412,1,62,3,5,0,3,9,0,0
"1412",1985,31158,1,62,2,2,0,3,8,0,0
"1413",1951,34838,2,62,3,2,1,4,6,0,0
"1414",1979,56775,1,62,2,5,8,10,5,0,0
"1415",1949,54356,1,62,3,11,2,8,8,0,1
"1416",1978,72159,0,62,1,4,6,10,2,0,0
"1417",1991,8028,0,62,15,0,1,0,19,0,0
"1418",1952,55951,1,62,3,3,6,11,8,2,0
"1419",1949,67911,1,63,3,6,7,11,3,0,0
"1420",1949,67911,1,63,3,6,7,11,3,0,0
"1421",1973,20427,1,63,1,1,0,2,8,0,0
"1422",1970,32303,1,63,2,1,0,4,5,0,0
"1423",1968,55954,1,63,3,8,2,6,7,0,0
"1424",1976,49187,1,63,1,1,1,5,2,0,0
"1425",1972,49854,1,63,5,6,2,5,6,0,0
"1426",1978,63693,1,63,3,11,6,9,6,0,0
"1427",1978,63693,1,63,3,11,6,9,6,0,0
"1428",1985,19510,2,63,2,1,0,3,7,0,0
"1429",1959,52332,0,63,1,3,2,6,4,1,0
"1430",1973,55593,1,63,2,6,6,3,6,1,0
"1431",1949,54591,1,63,3,6,2,8,5,0,0
"1432",1949,74859,0,63,1,6,5,11,3,1,0
"1433",1971,40851,2,63,1,1,1,2,7,0,0
"1434",1949,58607,1,63,3,2,3,9,8,1,0
"1435",1992,7500,1,63,4,3,2,2,9,0,0
"1436",1975,52614,1,63,2,2,4,8,8,0,0
"1437",1975,52614,1,63,2,2,4,8,8,0,0
"1438",1974,67445,1,63,5,9,6,12,6,0,0
"1439",1974,67445,1,63,5,9,6,12,6,0,0
"1440",1974,67445,1,63,5,9,6,12,6,0,0
"1441",1968,36778,2,63,3,3,0,3,9,0,0
"1442",1983,39453,1,64,2,2,0,3,6,0,0
"1443",1969,42731,1,64,3,4,1,5,5,0,0
"1444",1965,40760,1,64,2,2,1,3,6,0,0
"1445",1965,69969,0,64,1,4,2,6,3,2,1
"1446",1955,80317,0,64,1,3,4,10,1,0,0
"1447",1957,66636,0,64,1,3,4,9,1,0,0
"1448",1975,54730,1,64,5,4,1,8,4,0,0
"1449",1971,42835,2,64,7,6,6,4,6,0,0
"1450",1965,53843,1,64,4,8,5,3,7,0,0
"1451",1960,79530,0,64,1,4,10,11,2,0,0
"1452",1968,63841,1,64,1,9,3,9,6,0,0
"1453",1968,63841,1,64,1,9,3,9,6,0,0
"1454",1968,63841,1,64,1,9,3,9,6,0,0
"1455",1983,27100,1,64,1,1,0,3,7,0,0
"1456",1983,27100,1,64,1,1,0,3,7,0,0
"1457",1976,72309,0,64,1,5,6,8,3,1,1
"1458",1959,50664,2,64,9,8,1,6,9,0,0
"1459",1979,20194,1,64,2,2,0,3,6,0,0
"1460",1975,76618,0,64,1,3,2,5,1,0,0
"1461",1974,45207,2,64,5,3,1,6,6,1,0
"1462",1972,56721,2,64,5,4,1,5,6,0,0
"1463",1966,27038,0,64,1,3,0,3,9,0,1
"1464",1977,23763,1,64,1,1,0,3,7,0,0
"1465",1975,37085,2,65,4,3,0,3,8,0,0
"1466",1966,49605,0,65,1,2,1,4,3,0,0
"1467",1971,1730,0,65,15,0,0,0,20,0,0
"1468",1995,34824,0,65,1,1,0,2,6,0,0
"1469",1995,34824,0,65,1,1,0,2,6,0,0
"1470",1974,63206,0,65,1,4,3,6,2,1,0
"1471",1972,26759,1,65,2,2,1,3,6,0,0
"1472",1976,55412,2,65,1,2,0,3,5,0,0
"1473",1974,33590,3,65,1,1,0,2,7,0,0
"1474",1971,70886,1,65,1,5,4,4,2,0,0
"1475",1969,72679,1,65,1,4,7,5,1,0,0
"1476",1943,65073,0,65,1,5,3,5,2,0,0
"1477",1965,44300,2,65,2,1,0,3,6,0,0
"1478",1953,56129,1,65,4,6,2,10,4,0,0
"1479",1953,56129,1,65,4,6,2,10,4,0,0
"1480",1971,38590,1,65,1,1,0,2,8,0,0
"1481",1958,53083,2,65,6,5,1,5,7,1,0
"1482",1976,79689,0,65,1,4,9,13,2,0,0
"1483",1966,34704,1,65,1,1,0,3,5,0,0
"1484",1962,65316,2,65,2,3,2,5,4,0,0
"1485",1978,41014,1,65,1,1,0,2,7,0,0
"1486",1960,19740,1,65,2,1,1,3,5,0,0
"1487",1979,23724,1,65,2,2,0,3,8,0,0
"1488",1969,55212,1,65,3,4,2,11,8,2,0
"1489",1969,55212,1,65,3,4,2,11,8,2,0
"1490",1955,79800,0,65,1,5,11,5,3,3,1
"1491",1967,70647,1,65,2,4,7,13,2,0,0
"1492",1974,38410,0,65,2,5,2,9,6,0,1
"1493",1980,28071,0,65,2,5,1,5,8,0,0
"1494",1969,54803,1,65,2,6,2,9,4,0,0
"1495",1993,74293,0,66,1,5,4,6,2,0,0
"1496",1993,74293,0,66,1,5,4,6,2,0,0
"1497",1984,35684,1,66,1,1,0,3,6,0,0
"1498",1986,34320,1,66,1,1,0,2,8,0,0
"1499",1981,41967,2,66,1,1,0,3,4,0,0
"1500",1976,49681,2,66,6,7,1,7,7,0,0
"1501",1976,49681,2,66,6,7,1,7,7,0,0
"1502",1970,53187,1,66,2,4,1,6,5,0,0
"1503",1951,86610,0,66,1,5,6,6,2,0,0
"1504",1985,70951,0,66,1,3,4,9,1,0,0
"1505",1970,24206,1,66,1,1,0,3,6,0,0
"1506",1985,55357,2,66,3,6,2,11,5,0,0
"1507",1959,58113,1,66,3,9,2,8,7,0,0
"1508",1984,70643,0,66,1,5,8,4,6,0,1
"1509",1985,64355,1,66,2,4,3,12,8,0,0
"1510",1959,82576,0,66,1,2,4,12,1,1,0
"1511",1972,41644,2,67,2,1,0,3,3,0,0
"1512",1984,72570,0,67,1,4,6,12,1,0,0
"1513",1965,30630,2,67,2,2,0,3,7,0,0
"1514",1981,22944,1,67,3,3,0,3,7,0,0
"1515",1971,86979,0,67,1,5,5,5,2,1,1
"1517",1970,82072,0,67,1,3,2,13,1,0,0
"1518",1973,52034,2,67,5,4,2,5,7,0,0
"1519",1993,72354,0,67,1,2,10,6,1,0,0
"1520",1983,28427,1,67,2,2,0,3,8,0,0
"1521",1983,28427,1,67,2,2,0,3,8,0,0
"1522",1969,39858,1,67,1,2,0,4,6,0,1
"1523",1951,67381,1,67,4,2,2,9,7,1,0
"1524",1965,23529,1,67,1,1,1,2,6,0,0
"1525",1967,51479,2,67,7,6,3,6,7,0,0
"1526",1975,76068,1,67,1,2,3,4,6,2,0
"1527",1954,22507,0,67,3,10,2,4,9,0,0
"1528",1984,52413,1,67,2,7,1,7,7,0,0
"1529",1957,50116,2,68,2,1,0,4,5,1,0
"1530",1962,76624,1,68,1,5,10,7,1,1,0
"1531",1953,34587,2,68,2,1,0,3,4,0,0
"1532",1946,62159,0,68,1,6,2,10,4,0,0
"1533",1965,66294,0,68,1,4,3,5,2,0,0
"1534",1950,5648,2,68,1,1,0,0,20,1,0
"1535",1984,37235,1,68,1,1,1,2,4,0,0
"1536",1964,85620,0,68,1,3,6,4,1,0,1
"1537",1984,23976,1,68,3,3,1,3,7,0,0
"1538",1987,41020,0,68,1,3,2,4,3,0,0
"1539",1984,36108,1,68,3,7,1,4,9,1,0
"1540",1951,57530,1,68,1,1,1,4,1,0,0
"1541",1964,62905,1,68,3,7,2,8,4,0,0
"1542",1945,65846,0,68,1,6,3,6,4,0,0
"1543",1977,34380,1,68,4,4,1,3,8,0,0
"1544",1964,41638,1,68,4,5,5,3,8,1,0
"1545",1992,63207,0,68,1,2,3,6,7,1,0
"1546",1950,28320,1,68,1,1,0,3,8,0,0
"1547",1957,43140,1,68,1,4,1,5,6,0,0
"1548",1971,52531,0,68,2,7,2,10,6,0,0
"1549",1977,40246,1,68,1,1,0,2,6,0,0
"1550",1984,35196,1,68,6,6,1,5,8,0,1
"1551",1984,35196,1,68,6,6,1,5,8,0,0
"1552",1985,70596,0,68,1,3,5,12,2,0,0
"1553",1985,70596,0,68,1,3,5,12,2,0,0
"1554",1962,52597,1,69,3,6,3,8,5,0,0
"1555",1972,42394,1,69,1,1,0,3,7,0,0
"1556",1969,81657,0,69,1,3,4,8,1,0,0
"1557",1960,49154,2,69,6,4,1,8,6,0,0
"1558",1952,34074,2,69,5,3,3,3,6,1,0
"1560",1955,70638,0,69,1,4,5,10,3,1,0
"1561",1978,38136,1,69,2,3,1,2,8,1,0
"1562",1973,67432,1,69,2,8,5,4,4,0,0
"1563",1951,40689,1,69,7,7,1,5,8,0,0
"1564",1951,40689,1,69,7,7,1,5,8,0,0
"1565",1983,101970,0,69,0,6,8,13,2,3,1
"1566",1972,44325,1,69,4,8,2,7,8,1,0
"1567",1948,61467,2,69,3,5,2,10,5,0,0
"1568",1975,48178,2,69,6,5,1,4,8,0,0
"1569",1980,16005,1,69,3,2,1,2,8,0,0
"1570",1973,79593,0,70,1,5,6,7,2,1,0
"1571",1973,79593,0,70,1,5,6,7,2,1,0
"1572",1959,61180,1,70,2,5,5,6,3,1,0
"1573",1989,64449,1,70,4,5,3,12,4,0,0
"1574",1963,77437,0,70,1,4,5,13,1,1,0
"1575",1976,17649,1,70,3,3,0,3,8,0,0
"1576",1954,53103,1,70,5,10,6,7,7,1,0
"1577",1971,71819,1,70,3,3,3,5,6,2,0
"1578",1971,74290,1,70,4,10,8,10,6,2,0
"1579",1951,72282,0,70,1,5,7,9,7,0,1
"1580",1951,47352,1,70,4,6,1,5,7,0,0
"1581",1951,47352,1,70,4,6,1,5,7,0,0
"1582",1961,46524,1,70,2,1,1,5,3,0,0
"1583",1976,50200,2,70,6,7,1,5,8,0,0
"1584",1990,18222,0,70,1,2,0,3,8,0,0
"1585",1952,77610,1,70,2,4,7,4,7,0,0
"1586",1970,38097,2,70,4,3,2,2,7,1,1
"1587",1968,44377,2,70,8,5,1,5,8,0,0
"1588",1981,58684,0,71,1,5,3,12,2,1,0
"1589",1965,66480,2,71,7,4,1,7,4,0,0
"1590",1952,49638,1,71,1,1,0,3,2,0,0
"1591",1950,50616,1,71,1,1,1,4,2,0,0
"1592",1967,26642,1,71,2,2,0,3,6,0,0
"1593",1986,33235,1,71,1,3,0,3,7,0,0
"1594",1969,23228,1,71,2,2,0,3,8,0,0
"1595",1959,36732,2,71,3,1,1,4,2,0,0
"1596",1946,82657,0,71,1,7,5,10,4,2,0
"1597",1964,64140,2,71,5,2,5,6,5,3,1
"1598",1974,44392,2,71,5,4,1,4,7,0,0
"1599",1990,16185,1,71,2,2,2,2,8,0,0
"1600",1978,38702,1,71,2,3,0,4,6,0,0
"1601",1963,54072,2,71,1,2,0,2,8,0,0
"1602",1987,61787,0,71,1,8,4,6,5,0,0
"1603",1992,34935,0,71,1,2,1,4,7,0,0
"1604",1992,34935,0,71,1,2,1,4,7,0,0
"1605",1950,59292,1,71,2,3,5,8,3,0,0
"1606",1950,59292,1,71,2,3,5,8,3,0,0
"1607",1955,57959,1,71,5,4,7,11,3,0,0
"1608",1983,92491,0,71,1,7,5,12,3,3,1
"1609",1984,42207,1,71,4,4,1,5,6,1,1
"1610",1956,46984,2,71,1,1,0,3,5,0,0
"1611",1987,23442,1,71,1,1,0,3,7,0,0
"1612",1963,46757,1,71,6,4,4,7,9,0,0
"1613",1980,14515,1,71,4,2,2,3,7,0,1
"1614",1986,80910,0,71,1,3,3,8,1,0,0
"1615",1979,30545,1,71,2,2,0,3,7,0,0
"1616",1970,44802,0,71,2,9,4,12,8,0,0
"1617",1976,79941,0,72,1,2,4,9,1,0,0
"1618",1969,79734,0,72,1,4,3,6,1,1,0
"1619",1977,50353,0,72,1,4,4,6,3,0,0
"1620",1956,77376,2,72,4,6,3,10,4,0,0
"1621",1972,78075,0,72,1,3,5,5,1,0,0
"1622",1976,42473,2,72,3,2,1,4,5,0,0
"1623",1988,25008,1,72,2,1,0,3,8,0,0
"1624",1948,56223,1,72,2,2,1,5,4,0,0
"1625",1980,47850,1,72,1,3,0,4,6,0,0
"1626",1986,91820,0,72,0,5,5,12,1,0,0
"1627",1965,40637,2,72,2,1,0,3,7,0,0
"1628",1959,23295,0,72,1,1,0,2,8,0,0
"1629",1952,84574,0,72,1,9,11,11,5,0,0
"1630",1969,54165,0,72,1,2,1,7,2,0,0
"1631",1981,28510,2,72,3,2,0,4,5,0,0
"1632",1956,67131,1,72,3,9,2,12,6,0,0
"1633",1969,56242,1,72,5,8,4,11,6,0,0
"1634",1983,86580,0,72,0,4,2,5,1,1,0
"1635",1955,76005,0,72,1,3,5,13,6,1,0
"1636",1962,54693,1,72,8,6,4,13,6,0,0
"1637",1955,52750,1,72,6,5,7,9,4,0,0
"1638",1968,36997,2,72,5,2,1,4,5,0,0
"1639",1965,34230,2,72,1,1,0,2,7,0,0
"1640",1960,47916,1,72,5,7,4,6,6,1,0
"1641",1979,60839,2,72,13,2,2,12,8,0,0
"1642",1972,79930,0,72,1,3,5,8,2,0,0
"1643",1970,55158,2,72,4,7,2,5,7,0,1
"1644",1958,85485,0,73,1,6,6,6,2,0,0
"1645",1943,75865,0,73,1,3,5,10,1,0,0
"1646",1965,44375,1,73,1,4,1,6,5,0,0
"1647",1971,60504,1,73,2,6,2,8,6,0,0
"1648",1959,65492,0,73,2,4,7,13,2,0,0
"1649",1980,67506,1,73,1,4,1,6,3,0,0
"1650",1959,68805,1,73,1,3,1,7,2,0,0
"1651",1970,61209,0,73,1,5,3,4,2,0,0
"1652",1967,66825,0,73,1,4,5,6,2,0,0
"1653",1983,87188,0,73,1,10,2,6,3,0,1
"1654",1953,84953,0,73,1,3,10,4,2,3,1
"1655",1954,74637,0,73,1,6,9,9,3,1,0
"1656",1962,86111,0,73,1,5,7,10,2,0,0
"1657",1947,77632,0,73,1,4,2,6,2,2,1
"1658",1973,31814,1,73,2,2,0,3,9,1,0
"1659",1972,70116,0,73,1,2,8,12,1,0,0
"1660",1969,48240,0,73,3,6,3,13,5,0,1
"1661",1985,40101,1,73,4,6,1,6,7,0,0
"1662",1953,70503,0,73,1,2,4,9,6,2,0
"1663",1975,79205,0,73,1,6,5,4,4,1,1
"1664",1980,51766,1,74,2,4,2,4,5,0,0
"1665",1980,62994,1,74,1,6,2,4,6,0,0
"1666",1974,65640,1,74,1,5,1,8,2,0,0
"1667",1969,38361,1,74,3,3,1,3,7,0,0
"1668",1969,38361,1,74,3,3,1,3,7,0,0
"1669",1985,19986,1,74,1,0,0,3,7,0,0
"1670",1985,19986,1,74,1,0,0,3,7,0,0
"1671",1985,72903,0,74,1,7,5,8,4,3,1
"1672",1948,45072,3,74,5,6,1,4,8,0,0
"1673",1967,59062,3,74,2,2,0,3,4,0,0
"1674",1961,61794,1,74,2,4,4,10,2,0,0
"1675",1965,45143,1,74,3,6,1,5,7,0,0
"1676",1965,45143,1,74,3,6,1,5,7,0,0
"1677",1969,26877,0,74,2,3,1,6,6,0,0
"1678",1965,36921,2,74,2,2,0,3,7,0,0
"1679",1956,54342,2,74,4,3,1,4,6,0,0
"1680",1969,62772,1,74,1,5,6,11,2,1,0
"1681",1959,75032,1,74,2,5,4,9,3,0,0
"1682",1963,22419,0,74,1,3,2,2,8,0,0
"1683",1963,22419,0,74,1,3,2,2,8,0,0
"1684",1978,36550,1,74,5,9,1,5,9,0,0
"1685",1953,75027,1,74,2,9,4,6,5,0,0
"1686",1974,63159,0,74,1,3,5,8,3,1,0
"1687",1973,54108,2,74,13,8,2,9,8,0,0
"1688",1952,81795,0,74,1,4,11,7,2,0,0
"1689",1965,59594,1,74,1,8,1,7,7,1,0
"1690",1982,18492,1,75,1,1,0,2,8,0,0
"1691",1958,94472,1,75,1,5,5,5,5,2,0
"1692",1979,70337,0,75,1,2,2,12,1,0,0
"1693",1973,34853,2,75,2,2,0,3,6,0,0
"1695",1984,16269,1,75,3,3,0,3,8,0,0
"1696",1982,50272,1,75,3,4,1,5,7,0,0
"1697",1971,22804,1,75,1,2,0,2,9,0,0
"1698",1971,22804,1,75,1,2,0,2,9,0,0
"1699",1974,30631,1,75,1,3,1,2,7,0,0
"1700",1966,78420,0,75,1,3,10,8,1,0,0
"1701",1980,81741,0,75,0,6,6,7,2,0,0
"1702",1971,25721,1,75,1,1,1,2,7,0,1
"1703",1972,31907,0,75,1,6,1,6,7,0,0
"1704",1962,37859,3,75,2,1,0,3,8,0,0
"1705",1972,30261,3,75,1,0,0,3,8,0,0
"1706",1979,21645,1,75,3,3,0,3,9,0,1
"1707",1978,21282,1,76,2,2,1,2,6,0,0
"1708",1954,32144,2,76,4,2,1,3,7,1,0
"1709",1954,62637,1,76,1,2,2,5,2,0,0
"1710",1971,16626,2,76,3,3,0,3,9,0,0
"1711",1971,54690,2,76,3,3,1,5,3,0,0
"1712",1971,54690,2,76,3,3,1,5,3,0,0
"1713",1955,61284,0,76,1,11,2,8,6,1,0
"1714",1976,23718,1,76,3,3,1,2,7,0,0
"1715",1962,33419,1,76,2,2,0,4,7,0,0
"1716",1983,82025,0,76,1,3,2,6,1,1,1
"1717",1958,15056,2,76,5,2,2,3,5,0,0
"1718",1958,48192,0,76,3,2,8,12,8,3,1
"1719",1967,67309,2,76,15,9,6,9,7,0,0
"1720",1957,66033,1,76,2,8,3,7,7,0,0
"1721",1977,28769,1,76,3,4,1,4,9,0,0
"1722",1957,6835,1,76,0,0,0,1,20,0,0
"1723",1986,32880,1,76,1,1,0,3,8,0,0
"1724",1982,23616,1,76,2,3,0,3,8,0,1
"1725",1981,19419,1,76,4,4,0,3,9,0,0
"1726",1973,34961,1,77,3,3,1,3,7,0,0
"1727",1976,64892,1,77,2,6,4,12,4,0,0
"1728",1988,16248,1,77,3,2,1,3,6,0,0
"1729",1983,43776,1,77,1,1,0,2,6,0,0
"1730",1967,52074,1,77,1,2,2,2,4,1,0
"1731",1960,22123,0,77,1,2,1,3,5,0,0
"1732",1978,35544,1,77,1,2,0,3,7,0,0
"1733",1989,59060,1,77,3,3,1,7,4,0,0
"1734",1976,65665,1,77,1,5,10,8,3,0,0
"1735",1971,29819,1,77,3,3,0,3,6,0,0
"1736",1989,81217,0,77,1,3,7,11,1,0,0
"1737",1989,81217,0,77,1,3,7,11,1,0,0
"1738",1990,26095,1,77,1,1,0,3,7,0,0
"1739",1970,65706,0,77,1,11,3,12,7,3,1
"1740",1976,31859,1,77,1,1,0,2,7,0,0
"1741",1941,93027,0,77,0,7,10,5,2,1,0
"1742",1970,58710,1,77,6,11,5,9,6,0,0
"1743",1966,49618,2,77,4,3,1,3,7,0,0
"1744",1964,58308,1,77,4,2,6,3,8,0,0
"1745",1964,40800,3,77,2,3,0,3,7,0,0
"1746",1959,18690,0,77,1,1,1,2,8,0,0
"1747",1959,18690,0,77,1,1,1,2,8,0,0
"1748",1959,18690,0,77,1,1,1,2,8,0,0
"1749",1958,28087,2,77,3,2,2,2,7,0,0
"1750",1967,75702,2,77,5,4,6,11,8,0,0
"1751",1971,32892,1,78,2,3,0,3,8,0,0
"1752",1971,32892,1,78,2,3,0,3,8,0,0
"1753",1959,89120,0,78,1,5,6,7,1,1,0
"1754",1961,27116,2,78,2,2,0,3,7,0,0
"1755",1989,46107,1,78,1,1,1,4,3,0,0
"1756",1973,54466,2,78,1,1,0,2,5,0,0
"1757",1965,59686,1,78,1,4,1,6,4,0,0
"1758",1950,82460,0,78,1,5,3,6,1,0,0
"1759",1960,76045,0,78,1,4,5,11,2,1,0
"1760",1975,83829,0,78,0,4,7,6,1,3,1
"1761",1975,83829,0,78,0,4,7,6,1,3,1
"1762",1968,32889,2,78,3,2,1,3,5,0,0
"1763",1979,33462,1,78,1,2,0,3,7,0,0
"1764",1975,36627,2,78,1,0,0,3,5,0,0
"1765",1982,28718,1,78,2,2,0,3,8,0,0
"1766",1972,77981,1,78,3,7,4,7,5,0,0
"1767",1956,60230,1,78,2,6,3,6,5,0,0
"1768",1969,74918,0,78,1,5,9,6,3,1,0
"1769",1953,40464,1,78,6,8,2,8,8,0,0
"1770",1956,64857,0,78,1,7,5,10,4,0,0
"1771",1956,64857,0,78,1,7,5,10,4,0,0
"1772",1960,63381,1,78,4,4,5,13,2,0,0
"1773",1960,63381,1,78,4,4,5,13,2,0,0
"1774",1982,66664,0,78,1,5,7,6,3,0,0
"1775",1982,66664,0,78,1,5,7,6,3,0,0
"1776",1966,86358,2,78,4,5,3,6,8,0,0
"1777",1977,41443,1,79,6,8,1,5,8,0,0
"1778",1961,57072,1,79,2,7,5,13,5,1,0
"1779",1967,54178,1,79,1,2,2,5,2,0,0
"1780",1950,48767,3,79,3,2,1,3,5,0,0
"1781",1955,51124,2,79,2,1,0,3,3,0,0
"1782",1970,43020,1,79,3,4,1,4,6,0,0
"1783",1963,49980,1,79,2,3,1,5,5,0,0
"1784",1955,72906,0,79,1,3,4,9,1,0,0
"1785",1976,25176,2,79,1,1,0,2,7,0,0
"1786",1977,96876,0,79,1,7,7,9,2,3,1
"1787",1979,31086,2,79,2,1,1,2,8,1,0
"1788",1983,24072,1,79,1,1,0,2,8,0,0
"1789",1954,76773,0,79,1,2,2,11,1,0,0
"1790",1965,72190,0,79,1,5,6,4,3,0,0
"1791",1948,83837,0,79,1,9,10,5,4,2,1
"1792",1978,17345,1,79,2,2,1,2,8,0,0
"1793",1958,75154,1,79,1,6,3,6,3,0,1
"1794",1961,28249,0,80,1,2,0,3,6,0,0
"1795",1961,28249,0,80,1,2,0,3,6,0,0
"1796",1980,69661,0,80,1,7,3,12,3,0,0
"1797",1979,27922,1,80,1,2,0,3,4,0,0
"1798",1966,45903,1,80,2,2,1,3,4,0,0
"1799",1977,36273,1,80,2,3,0,3,6,0,0
"1800",1968,70777,1,80,3,5,3,12,3,0,0
"1801",1976,17148,1,80,4,3,1,3,8,0,0
"1802",1969,66476,1,80,2,6,8,10,4,0,0
"1803",1979,45057,1,80,1,2,0,3,5,0,0
"1804",1968,41120,2,80,3,2,1,3,6,0,0
"1806",1986,19485,2,80,1,1,0,2,7,0,0
"1807",1983,21840,1,80,1,1,0,3,9,0,0
"1808",1985,41473,1,80,1,2,0,3,7,0,0
"1809",1956,31395,2,80,4,2,1,3,6,0,0
"1810",1947,68117,1,80,2,11,8,4,6,1,1
"1811",1975,47682,1,80,4,4,3,8,5,0,0
"1812",1972,83151,0,80,1,5,7,10,2,3,1
"1813",1969,58086,1,80,2,11,3,7,8,0,0
"1814",1958,84460,0,80,0,9,9,4,5,4,1
"1815",1962,66565,1,80,4,4,2,9,8,0,0
"1816",1969,23910,1,80,1,2,0,3,7,0,0
"1817",1968,35893,2,80,6,3,1,5,8,0,0
"1818",1973,71128,1,80,3,2,10,12,7,0,0
"1819",1989,38683,1,80,6,4,1,6,7,0,0
"1820",1971,37150,1,80,8,4,3,6,7,0,0
"1821",1976,61064,1,80,5,8,4,11,6,0,0
"1822",1976,51650,1,81,1,4,1,4,5,0,0
"1823",1956,55249,1,81,1,2,1,4,3,0,0
"1824",1973,46854,2,81,6,5,1,3,8,1,1
"1825",1996,14421,0,81,1,1,0,2,5,1,0
"1826",1969,54132,1,81,1,1,0,3,7,0,0
"1827",1975,153924,0,81,0,0,0,0,0,0,0
"1828",1978,64813,1,81,1,7,2,10,5,0,0
"1829",1970,61872,1,81,4,4,4,9,4,0,0
"1830",1979,58025,1,81,3,3,2,10,4,0,0
"1831",1948,83790,0,81,1,8,10,6,3,2,0
"1832",1979,34350,1,81,1,1,0,3,7,0,0
"1833",1958,33438,2,81,4,2,1,4,5,0,0
"1834",1986,21955,1,81,2,2,1,3,6,0,0
"1835",1971,60491,1,81,4,6,11,7,5,0,0
"1836",1964,59304,1,81,3,7,8,10,5,0,0
"1837",1974,34421,1,81,1,1,0,2,7,0,0
"1838",1974,34421,1,81,1,1,0,2,7,0,0
"1839",1953,51411,3,81,1,0,0,3,5,0,0
"1840",1958,71964,0,81,1,5,6,5,3,0,0
"1841",1953,64504,3,81,7,11,3,4,7,0,1
"1842",1961,49678,1,81,2,6,2,4,7,0,0
"1843",1976,60482,1,81,1,7,2,7,7,0,0
"1844",1972,55260,1,81,2,8,10,5,6,0,0
"1845",1969,67369,1,81,4,7,4,10,4,2,1
"1846",1962,47175,2,81,7,4,2,4,8,1,1
"1847",1967,68743,0,81,1,11,5,13,7,0,0
"1848",1981,56937,1,81,7,8,6,9,6,1,1
"1849",1986,83033,1,82,1,11,4,10,5,1,0
"1850",1976,37697,1,82,1,2,1,3,6,0,0
"1851",1976,37697,1,82,1,2,1,3,6,0,0
"1852",1951,44689,2,82,2,1,1,2,7,1,0
"1853",1970,23162,2,82,3,1,1,3,6,0,0
"1854",1959,63033,0,82,1,3,4,8,2,0,0
"1855",1967,40304,1,82,1,2,0,3,7,0,0
"1856",1984,40059,1,82,1,6,2,3,8,1,0
"1857",1954,80067,0,82,1,4,6,6,2,1,0
"1858",1981,36038,1,82,2,3,0,3,6,0,0
"1860",1968,40521,2,82,1,0,1,2,5,0,0
"1861",1956,66334,1,82,2,9,3,5,5,0,1
"1862",1984,11012,1,82,3,3,1,2,9,1,0
"1863",1976,31615,1,82,2,2,0,3,7,0,0
"1865",1949,69098,0,82,1,7,8,9,5,0,0
"1866",1951,70792,0,82,2,3,4,10,3,0,0
"1867",1979,17688,1,82,1,1,0,2,8,0,0
"1868",1989,25443,1,82,1,1,0,3,8,0,0
"1869",1972,57091,1,82,2,9,2,5,7,1,1
"1870",1981,24336,1,82,1,1,0,2,7,0,0
"1871",1981,51111,2,83,2,2,0,3,6,0,0
"1872",1972,44503,2,83,2,2,0,3,6,0,0
"1873",1971,56850,1,83,1,1,1,3,2,0,0
"1874",1969,66582,0,83,1,2,8,9,1,0,0
"1875",1985,23148,0,83,1,2,0,3,7,0,0
"1876",1964,82224,0,83,1,6,9,5,3,1,0
"1877",1974,61917,2,83,1,2,0,4,5,0,0
"1878",1966,43482,3,83,3,2,0,4,6,0,0
"1879",1979,68274,2,83,2,4,2,5,3,0,0
"1880",1974,42373,2,83,5,2,1,5,5,0,0
"1882",1979,57537,1,83,4,4,3,8,4,0,0
"1883",1958,80995,1,83,1,8,9,4,4,0,0
"1884",1976,30992,1,83,1,1,0,3,7,0,0
"1885",1976,30992,1,83,1,1,0,3,7,0,0
"1886",1971,78642,1,83,1,4,9,4,6,0,0
"1887",1955,74268,0,83,1,4,3,5,2,0,0
"1888",1962,75072,1,83,2,5,4,8,3,0,0
"1889",1963,56253,1,83,4,7,2,9,6,0,0
"1890",1955,59925,1,83,3,9,2,9,6,0,0
"1891",1960,62807,1,83,3,5,3,12,5,0,0
"1892",1960,62807,1,83,3,5,3,12,5,0,0
"1893",1970,23626,1,84,3,3,1,3,5,0,0
"1894",1976,46106,2,84,1,1,1,2,6,0,0
"1895",1965,81168,0,84,1,6,4,7,3,1,0
"1896",1979,27244,1,84,2,2,2,2,7,0,0
"1897",1957,26091,2,84,3,2,1,3,5,0,0
"1898",1957,26091,2,84,3,2,1,3,5,0,0
"1899",1969,43142,2,84,1,1,0,2,7,0,0
"1900",1971,38232,2,84,4,3,1,3,5,0,0
"1901",1985,92533,0,84,1,6,5,11,2,2,0
"1902",1945,63285,0,84,1,6,5,13,3,0,0
"1903",1955,38946,1,84,2,3,1,6,5,0,0
"1904",1955,38946,1,84,2,3,1,6,5,0,0
"1905",1975,40233,1,84,5,2,1,5,6,0,0
"1906",1969,46831,2,84,2,1,2,2,4,0,0
"1907",1987,67605,0,84,1,2,8,6,1,0,0
"1908",1976,70379,1,84,3,6,3,13,4,0,0
"1909",1957,77297,0,84,1,5,7,9,4,1,0
"1910",1962,55759,1,84,5,10,3,8,8,0,0
"1911",1951,58217,3,84,1,2,0,4,6,0,0
"1912",1976,51369,1,84,2,8,2,4,8,0,0
"1913",1976,51369,1,84,2,8,2,4,8,0,0
"1914",1956,91249,0,84,0,7,9,6,4,4,1
"1915",1978,52513,0,84,2,9,5,9,7,0,0
"1916",1970,44159,1,85,4,4,1,6,5,0,0
"1917",1962,76081,0,85,1,4,5,4,2,1,0
"1918",1962,76081,0,85,1,4,5,4,2,1,0
"1919",1974,39996,2,85,1,1,0,2,6,0,0
"1920",1973,55012,1,85,6,8,2,9,5,0,0
"1921",1947,77457,0,85,1,2,5,10,1,1,0
"1922",1963,80695,0,85,1,5,8,5,2,0,0
"1923",1956,71866,1,85,1,6,3,10,3,0,0
"1924",1982,73450,0,85,1,7,8,11,3,2,0
"1925",1944,55614,0,85,1,9,4,6,7,1,0
"1926",1949,156924,0,85,0,0,0,0,0,0,0
"1927",1967,30753,2,85,2,1,1,3,5,0,0
"1928",1956,54603,2,85,6,4,2,4,7,0,0
"1929",1975,22280,1,85,1,1,0,2,8,0,0
"1930",1951,59385,2,85,2,3,1,4,5,0,0
"1931",1955,76998,1,85,2,11,8,8,6,1,0
"1932",1971,80573,0,85,1,4,6,13,2,0,0
"1933",1971,80573,0,85,1,4,6,13,2,0,0
"1934",1982,24711,0,86,1,3,0,3,7,0,0
"1935",1959,38829,1,86,1,3,2,2,5,0,0
"1936",1974,71466,0,86,1,4,4,10,1,0,0
"1937",1956,28839,2,86,2,2,0,3,5,0,0
"1938",1951,53790,2,86,3,7,2,8,6,0,0
"1939",1951,73705,2,86,2,9,6,8,5,0,0
"1940",1982,22448,1,86,3,2,1,3,3,0,0
"1941",1976,12571,1,86,4,3,1,3,6,0,0
"1942",1960,73113,0,86,1,3,4,7,2,0,0
"1943",1990,35765,1,86,2,2,0,4,6,0,0
"1944",1966,46734,3,86,4,3,2,3,6,1,0
"1945",1963,66313,1,86,2,6,3,12,4,0,0
"1946",1957,68148,0,86,1,4,4,6,2,0,0
"1947",1965,44393,2,86,2,1,0,4,4,0,0
"1948",1986,38197,1,86,1,1,0,3,5,0,0
"1949",1946,51012,0,86,1,4,1,4,6,0,0
"1950",1946,51012,0,86,1,4,1,4,6,0,0
"1951",1960,13672,2,86,2,1,0,3,8,0,0
"1952",1953,41452,2,86,1,1,0,2,7,0,0
"1953",1982,42081,1,86,2,6,3,4,6,1,0
"1954",1986,14906,0,86,3,2,1,3,7,0,0
"1955",1985,33812,1,86,2,2,1,3,6,0,0
"1956",1975,46098,2,86,4,3,2,2,8,0,0
"1957",1975,46098,2,86,4,3,2,2,8,0,0
"1958",1975,46098,2,86,4,3,2,2,8,0,1
"1959",1956,53230,1,86,4,5,2,12,5,0,0
"1960",1989,88420,0,87,1,4,7,8,1,3,0
"1961",1963,39548,2,87,2,1,1,3,3,0,0
"1962",1953,61278,1,87,2,3,1,4,6,0,0
"1963",1964,81246,0,87,1,4,5,7,1,2,0
"1964",1975,58330,1,87,1,6,4,13,4,0,0
"1965",1975,58330,1,87,1,6,4,13,4,0,0
"1966",1967,65777,0,87,1,2,8,6,1,0,0
"1967",1980,70829,2,87,2,4,2,8,3,0,0
"1969",1962,59247,2,87,5,5,2,9,6,0,0
"1970",1967,25930,2,87,1,1,0,2,7,0,0
"1971",1959,54753,1,87,3,5,2,11,4,0,0
"1972",1974,28440,1,87,1,2,0,3,8,0,0
"1973",1973,23559,1,87,3,3,0,3,7,0,0
"1974",1952,62335,1,87,2,3,3,13,2,0,0
"1975",1979,63777,2,87,8,11,1,6,8,0,0
"1976",1972,59666,2,87,7,3,2,8,8,1,0
"1977",1956,50965,1,87,3,10,4,5,8,1,0
"1978",1965,71488,0,87,2,3,4,7,1,0,0
"1979",1952,72228,0,87,1,6,7,8,3,0,0
"1980",1953,46231,3,87,4,6,1,4,9,0,0
"1981",1974,75702,1,87,1,10,5,13,6,1,0
"1982",1971,43300,1,87,3,4,0,4,8,0,1
"1983",1957,78618,0,87,1,4,7,10,2,1,0
"1985",1985,29760,1,87,4,3,1,4,8,0,0
"1986",1985,29760,1,87,4,3,1,4,8,0,0
"1987",1962,50127,1,88,1,5,1,6,6,1,0
"1988",1988,29604,1,88,1,1,0,3,9,1,0
"1989",1952,49413,1,88,2,4,2,5,5,0,0
"1990",1958,51876,0,88,1,2,2,8,1,0,0
"1991",1974,45837,2,88,5,6,2,5,7,0,0
"1992",1962,85696,0,88,1,4,6,9,1,0,1
"1993",1962,85696,0,88,1,4,6,9,1,0,1
"1994",1962,59432,1,88,3,5,3,11,5,0,0
"1995",1951,43185,1,88,2,9,3,6,8,0,0
"1996",1975,60631,2,88,5,9,2,8,7,1,0
"1997",1985,20559,1,88,2,2,0,3,8,0,0
"1998",1956,50898,2,88,13,6,2,12,5,0,0
"1999",1978,73807,1,88,2,5,5,11,2,0,0
"2000",1956,14661,0,88,1,1,0,3,6,0,0
"2001",1954,36807,2,88,1,1,0,2,6,0,0
"2002",1975,46772,1,88,6,11,8,5,8,1,0
"2003",1947,81574,0,89,1,4,5,8,1,2,0
"2004",1976,30772,2,89,1,1,0,2,6,0,0
"2005",1978,46377,1,89,1,2,1,3,4,0,0
"2006",1974,78128,1,89,2,8,4,6,3,2,0
"2007",1972,83443,0,89,1,6,10,5,2,0,0
"2008",1960,50523,2,89,2,2,0,4,6,0,0
"2009",1965,47009,1,89,4,3,2,8,4,0,0
"2010",1967,37054,2,89,2,1,0,3,7,0,0
"2011",1971,32011,1,89,3,2,1,4,7,0,0
"2012",1962,82122,0,89,1,3,9,13,1,1,0
"2013",1975,70300,1,89,3,5,5,13,8,0,0
"2014",1976,21024,0,89,1,2,0,4,7,0,0
"2015",1968,34916,2,89,4,5,1,3,9,0,0
"2016",1967,27943,2,89,3,2,0,3,8,0,0
"2017",1971,39791,1,89,2,3,1,4,7,0,0
"2018",1965,62745,1,89,3,7,8,11,5,0,0
"2019",1969,18589,0,89,2,2,1,3,7,0,0
"2020",1976,85606,1,89,2,6,7,9,3,1,0
"2021",1951,26997,0,89,2,4,2,5,7,0,0
"2022",1961,82332,0,89,1,5,3,12,2,1,1
"2023",1970,38853,2,90,2,2,0,3,7,0,0
"2024",1968,27071,1,90,2,2,0,3,6,0,0
"2025",1954,90933,0,90,1,4,6,4,1,1,0
"2026",1966,65814,1,90,3,8,2,10,5,0,0
"2027",1958,74250,0,90,1,2,11,4,1,0,0
"2028",1976,33181,1,90,1,1,0,2,6,1,0
"2029",1944,45006,0,90,1,3,1,7,3,0,0
"2030",1958,42315,1,90,3,1,4,4,3,0,0
"2031",1950,48699,2,90,1,1,0,3,5,0,0
"2032",1954,59111,0,90,1,11,1,8,7,0,0
"2033",1955,48726,1,90,3,3,2,4,6,0,0
"2034",1955,37244,2,90,1,1,1,2,7,1,0
"2035",1970,74854,3,90,7,2,5,5,5,0,0
"2036",1964,60896,1,90,3,9,10,4,6,0,1
"2037",1988,67546,0,90,1,4,10,5,3,0,0
"2038",1988,67546,0,90,1,4,10,5,3,0,0
"2039",1987,46923,1,90,3,5,1,7,7,0,0
"2040",1972,38988,3,90,7,5,1,6,8,0,0
"2041",1971,49118,0,90,2,9,7,10,7,2,1
"2042",1978,27683,1,90,4,6,2,4,8,0,0
"2043",1974,39190,1,91,2,2,1,4,5,0,0
"2044",1981,56981,0,91,1,2,3,13,6,1,0
"2045",1984,23228,1,91,4,3,0,4,8,0,0
"2046",1984,90000,0,91,1,4,8,5,1,3,0
"2047",1953,55707,1,91,2,3,2,9,3,0,0
"2048",1989,9255,1,91,1,1,1,2,8,0,0
"2049",1977,42997,2,91,1,1,0,2,7,0,0
"2050",1959,71232,1,91,2,11,2,10,7,0,0
"2051",1954,57744,1,91,2,9,1,4,8,0,0
"2052",1966,33585,1,91,1,2,0,4,4,0,0
"2053",1965,46891,1,91,1,2,1,4,4,0,0
"2054",1965,46891,1,91,1,2,1,4,4,0,0
"2055",1956,50387,2,91,3,6,2,8,5,0,0
"2056",1969,76653,0,91,1,4,7,11,2,2,0
"2057",1956,76542,0,91,1,4,8,10,2,0,0
"2058",1949,76995,1,91,2,11,4,9,5,1,0
"2059",1978,38415,2,91,2,1,0,3,7,0,0
"2060",1956,22304,0,91,1,1,0,2,8,0,0
"2061",1952,75127,0,92,1,2,11,5,1,0,0
"2062",1952,75127,0,92,1,2,11,5,1,0,0
"2063",1953,39722,1,92,2,2,0,3,5,0,0
"2064",1966,7144,2,92,0,23,1,1,0,0,0
"2065",1977,39771,1,92,1,2,0,3,4,0,0
"2066",1972,42618,1,92,2,5,0,4,8,0,0
"2067",1958,51518,1,92,2,3,2,10,3,0,0
"2068",1972,74716,1,92,2,7,3,5,4,0,0
"2069",1975,33955,1,92,4,5,1,5,8,0,0
"2070",1954,45736,1,92,5,7,1,6,7,0,0
"2071",1971,31632,0,92,1,2,1,2,7,0,0
"2072",1974,60093,1,92,2,7,2,10,6,0,0
"2073",1969,30822,1,92,1,1,0,3,7,0,0
"2074",1968,41728,1,92,1,2,0,2,10,0,0
"2075",1958,80739,0,92,1,3,11,9,1,0,0
"2076",1991,49767,0,92,1,5,4,8,4,0,0
"2077",1981,34445,0,92,6,11,2,8,9,0,0
"2078",1951,67046,1,92,2,4,5,4,2,0,0
"2079",1965,73538,1,92,3,10,4,9,7,0,0
"2080",1966,80398,0,92,1,5,8,12,3,1,0
"2081",1956,52973,1,92,7,9,6,9,8,0,0
"2082",1954,38998,2,92,3,2,0,3,8,0,0
"2083",1954,38998,2,92,3,2,0,3,8,0,0
"2084",1958,26490,0,92,2,3,1,5,6,0,0
"2085",1958,26490,0,92,2,3,1,5,6,0,0
"2086",1988,23331,1,92,2,3,0,3,8,0,0
"2087",1961,60544,2,92,4,5,1,5,6,0,0
"2088",1961,60544,2,92,4,5,1,5,6,0,0
"2089",1971,49269,1,92,3,7,3,12,7,0,0
"2090",1950,27203,2,92,2,1,1,2,8,0,0
"2091",1988,45204,1,93,1,1,1,4,3,0,0
"2092",1978,67023,0,93,1,3,7,13,2,0,0
"2093",1978,77583,0,93,1,4,5,9,2,1,0
"2094",1983,76630,0,93,1,3,10,11,1,0,0
"2095",1960,47353,1,93,3,2,2,6,5,0,0
"2096",1964,48920,2,93,3,6,2,5,7,1,0
"2097",1947,67472,1,93,2,4,2,7,3,0,0
"2098",1964,64100,1,93,1,8,3,6,7,1,0
"2099",1988,38872,1,93,2,3,0,3,8,0,0
"2100",1962,72217,0,93,1,3,10,8,2,0,0
"2101",1987,15038,1,93,2,2,1,2,9,0,0
"2102",1976,13624,1,93,2,2,0,3,6,0,0
"2103",1978,42554,2,93,2,2,0,3,4,0,0
"2104",1986,71952,1,93,2,8,4,8,4,2,0
"2105",1986,71952,1,93,2,8,4,8,4,2,0
"2106",1971,78041,0,93,1,4,4,9,2,0,0
"2107",1964,63972,1,93,4,5,4,10,4,1,0
"2108",1957,52852,1,93,4,10,7,5,8,1,0
"2109",1972,62010,1,93,4,6,2,7,5,0,0
"2110",1960,83151,0,93,1,5,9,4,3,0,0
"2111",1967,77870,1,93,3,5,5,5,8,2,1
"2112",1977,46931,3,94,2,1,1,3,3,0,0
"2113",1977,85072,0,94,1,3,4,10,0,0,0
"2114",1987,73395,0,94,1,4,4,6,2,0,0
"2115",1952,62307,1,94,1,4,0,4,5,0,0
"2116",1981,58293,1,94,5,5,3,6,5,0,0
"2117",1974,47889,1,94,1,2,0,3,5,0,0
"2118",1979,24594,1,94,1,1,0,3,5,0,0
"2119",1979,24594,1,94,1,1,0,3,5,0,0
"2120",1965,69882,0,94,1,3,7,9,1,0,0
"2121",1959,24221,0,94,1,1,1,3,4,0,0
"2122",1985,22327,1,94,1,1,0,3,5,0,0
"2123",1961,61923,2,94,1,2,1,4,3,0,0
"2124",1965,35791,3,94,2,1,0,3,8,0,0
"2125",1965,35791,3,94,2,1,0,3,8,0,0
"2126",1990,91172,0,94,0,4,3,7,3,4,1
"2127",1967,35441,2,94,2,1,0,3,8,0,0
"2128",1970,19656,1,94,3,2,1,3,7,0,0
"2129",1987,7500,0,94,1,0,0,3,6,0,0
"2130",1979,71626,0,94,1,5,5,8,3,1,0
"2131",1977,75330,2,94,4,10,3,12,6,0,0
"2132",1976,34529,1,94,2,2,2,3,7,0,0
"2133",1992,48789,0,94,1,6,4,7,6,0,0
"2134",1977,34487,2,94,3,3,0,3,9,0,0
"2135",1973,35688,3,94,7,4,1,4,8,0,0
"2136",1973,35688,3,94,7,4,1,4,8,0,0
"2137",1952,53700,1,94,4,5,5,8,5,0,0
"2138",1987,73454,0,95,1,2,4,6,5,1,0
"2139",1957,71113,1,95,4,6,7,9,4,0,0
"2141",1980,31535,1,95,1,1,1,2,7,1,0
"2142",1953,80812,0,95,1,4,8,5,2,3,0
"2143",1982,40479,1,95,1,0,0,3,4,0,0
"2144",1960,29440,2,95,2,1,0,4,7,0,0
"2145",1986,38508,1,95,6,7,2,5,8,0,0
"2146",1983,69520,0,95,1,9,6,5,5,0,0
"2147",1964,18701,2,95,4,2,0,4,5,0,0
"2148",1964,18701,2,95,4,2,0,4,5,0,0
"2149",1969,69901,1,95,3,7,3,10,5,0,0
"2150",1953,47703,1,95,4,6,3,8,5,0,0
"2151",1991,86037,0,95,1,6,7,11,3,2,1
"2152",1978,71847,0,95,0,6,7,9,3,1,0
"2153",1971,42033,2,95,1,1,0,2,7,0,0
"2154",1964,51983,1,95,3,9,2,10,7,0,0
"2155",1988,68655,0,95,1,4,5,11,3,0,0
"2156",1988,68655,0,95,1,4,5,11,3,0,0
"2157",1959,38285,3,96,1,0,0,3,2,0,0
"2158",1970,79419,0,96,1,4,6,4,2,0,0
"2159",1975,57338,1,96,2,4,1,5,5,0,0
"2160",1964,42523,0,96,1,1,1,4,2,0,0
"2161",1964,42523,0,96,1,1,1,4,2,0,0
"2162",1984,31761,1,96,2,3,0,4,5,0,0
"2163",1969,65747,1,96,4,8,1,6,6,1,0
"2164",1960,17144,2,96,5,3,0,4,7,0,0
"2165",1960,17144,2,96,5,3,0,4,7,0,0
"2167",1965,84618,0,96,1,6,9,10,2,1,0
"2168",1965,84618,0,96,1,6,9,10,2,1,0
"2169",1948,66375,1,96,3,2,4,5,7,1,0
"2170",1957,42213,1,96,2,5,1,7,7,1,0
"2172",1940,51141,0,96,1,3,1,4,5,0,0
"2173",1980,15072,2,96,4,3,1,3,5,0,0
"2174",1986,7500,1,96,2,2,0,3,8,0,0
"2175",1978,17117,1,96,4,3,1,3,9,0,0
"2176",1965,59754,1,96,3,5,2,6,5,0,1
"2177",1953,65569,1,96,2,6,5,10,3,0,0
"2178",1952,28457,0,96,1,4,1,4,8,0,0
"2179",1972,86857,0,96,1,5,6,10,2,0,1
"2180",1972,86857,0,96,1,5,6,10,2,0,1
"2181",1964,68142,1,96,3,10,4,7,6,0,0
"2182",1953,48794,2,97,1,1,0,3,4,0,0
"2183",1964,63404,2,97,2,6,3,4,4,1,0
"2184",1974,49669,1,97,2,5,1,6,6,0,0
"2185",1964,55761,1,97,2,4,1,3,6,1,0
"2186",1958,78331,1,97,2,10,6,7,4,0,0
"2187",1973,37971,1,97,1,1,0,3,8,0,0
"2188",1977,30368,1,97,2,2,0,3,8,0,0
"2189",1978,34043,1,97,1,2,0,2,9,0,0
"2190",1965,54111,1,97,2,5,2,6,5,0,0
"2191",1964,69932,1,97,2,7,6,11,4,0,0
"2192",1981,39665,1,97,3,4,2,3,7,1,0
"2193",1954,93404,3,97,3,3,4,7,5,2,0
"2194",1984,38680,1,97,1,2,0,3,7,0,0
"2195",1984,24570,1,97,3,4,0,4,9,0,0
"2196",1967,77766,1,97,2,11,10,11,6,1,1
"2197",1967,77766,1,97,2,11,10,11,6,1,1
"2198",1958,64961,1,97,2,6,4,4,3,0,0
"2199",1968,23748,1,97,3,2,1,3,8,0,0
"2200",1964,45989,1,97,4,3,2,7,3,0,0
"2201",1988,23331,1,97,6,5,1,5,9,0,0
"2202",1954,70421,1,98,3,10,3,7,6,0,0
"2203",1963,23091,2,98,4,2,1,3,7,0,0
"2204",1990,24683,1,98,2,2,0,4,5,0,0
"2205",1973,157243,1,98,15,0,22,0,0,0,0
"2206",1973,54222,1,98,1,3,3,5,3,0,0
"2207",1968,73455,0,98,1,6,5,10,3,1,0
"2208",1972,84906,0,98,1,5,6,12,2,3,0
"2209",1972,84906,0,98,1,5,6,12,2,3,0
"2210",1978,47025,1,98,5,11,1,6,9,0,0
"2211",1966,44529,1,98,6,6,2,11,5,1,0
"2212",1974,31560,1,98,2,2,1,3,8,0,0
"2213",1983,90687,0,98,1,6,2,8,2,1,1
"2214",1989,66973,0,98,1,8,7,12,3,0,0
"2215",1978,41154,1,98,1,1,0,4,5,0,0
"2216",1968,64590,0,98,1,9,4,10,6,0,0
"2217",1960,50611,1,98,6,4,5,7,6,1,1
"2218",1960,50611,1,98,6,4,5,7,6,1,0
"2219",1970,83273,3,98,10,4,6,9,7,0,0
"2220",1980,81702,0,98,1,7,7,12,3,0,0
"2221",1979,24401,0,98,3,6,1,6,8,0,0
"2222",1974,42557,1,98,4,6,1,4,8,0,0
"2223",1985,7500,1,98,4,2,1,3,9,0,0
"2224",1976,78416,1,99,2,7,7,10,3,0,0
"2225",1966,44794,1,99,1,2,0,3,6,0,0
"2226",1966,44794,1,99,1,2,0,3,6,0,0
"2227",1974,69719,0,99,1,2,3,5,1,0,0
"2228",1962,62568,1,99,3,5,3,5,4,1,0
"2229",1969,42231,2,99,1,1,0,3,5,0,0
"2230",1974,20130,0,99,1,1,0,3,8,0,0
"2231",1974,20130,0,99,1,1,0,3,8,0,0
"2232",1973,42429,1,99,2,1,1,3,5,0,0
"2233",1973,42429,1,99,2,1,1,3,5,0,0
"2234",1900,36640,1,99,1,2,1,2,5,0,0
"2235",1973,78901,1,99,3,9,3,5,4,0,0
"2236",1976,66476,1,99,2,5,2,11,4,0,0
"2237",1977,31056,1,99,1,1,0,3,8,0,0
"2238",1976,46310,1,99,2,6,1,5,8,0,0
"2239",1978,65819,0,99,1,5,4,10,3,0,0
"2240",1969,94871,2,99,1,8,5,4,7,2,1
